text,priority_label,lat,lon
Light rain and ankle deep gutter overflow in front of market. [Ref #169],low,14.614246952366747,121.0268745319469
"Water waist-deep and rising fast, 3 kids and disabled father need evacuation. [Ref #659]",high,14.656837207235538,120.91213817522451
"Minor gutter flooding, asking for sandbags if rain continues. [Ref #176]",low,14.561150197648441,121.10634581911063
"Need help transporting supplies, road flooded knee deep. [Ref #797]",medium,14.771123742977442,121.12890081999419
"House flooded waist deep, need boat rescue for elderly neighbor. [Ref #772]",high,14.363438805976966,120.93951803588119
Inquiry on evacuation center availability near high school. [Ref #548],low,14.45435968176915,121.14744236117238
"Flood rising to knee level, vehicles stalled on the avenue. [Ref #149]",medium,14.763071912893603,121.05731571940763
"Knee-deep water in street, cannot get out to buy food or medicine. [Ref #794]",medium,14.473658842849172,121.071567583252
"Submerged ground floor, family trapped in attic, oxygen tank running out for elderly father. [Ref #194]",critical,14.414812843972355,120.92610355804166
"Water waist-deep and rising fast, 3 kids and disabled father need evacuation. [Ref #393]",high,14.44138832992409,120.93211808708645
"Water waist-deep and rising fast, 3 kids and disabled father need evacuation. [Ref #857]",high,14.563113290052087,121.00483473108636
"Water reaching ceiling on 2nd floor, dialysis patient stranded with infant baby. [Ref #262]",critical,14.787847140307386,121.09095216519914
"Flood rising to knee level, vehicles stalled on the avenue. [Ref #530]",medium,14.745430382893064,121.00823594737165
"Waist-deep flood entering living room, 80 year old grandmother cannot walk. [Ref #712]",high,14.471404123238033,121.13344622293431
"Submerged ground floor, family trapped in attic, oxygen tank running out for elderly father. [Ref #759]",critical,14.696581240668307,120.90253264158066
"Flood rising to knee level, vehicles stalled on the avenue. [Ref #909]",medium,14.388978450571733,121.1348271347525
"Need help transporting supplies, road flooded knee deep. [Ref #991]",medium,14.60738175842213,120.91212875425516
"House flooded waist deep, need boat rescue for elderly neighbor. [Ref #747]",high,14.723309972014844,120.94330209684341
"Water up to neck, pregnant mother in labor trapped on roof of house. [Ref #333]",critical,14.436778918433314,121.09757932461372
"Water up to neck, pregnant mother in labor trapped on roof of house. [Ref #590]",critical,14.576508057793829,121.00131131798283
"Waist-deep flood entering living room, 80 year old grandmother cannot walk. [Ref #273]",high,14.450828638202038,121.10458770331411
"Waist-deep flood entering living room, 80 year old grandmother cannot walk. [Ref #218]",high,14.505108355772116,121.06255306308385
"Water waist-deep and rising fast, 3 kids and disabled father need evacuation. [Ref #960]",high,14.721494386271146,120.97069967368517
"Water waist-deep and rising fast, 3 kids and disabled father need evacuation. [Ref #503]",high,14.515833588838177,121.14896325074734
"Chest-deep current outside, front door blocked, need rescue boat. [Ref #322]",high,14.511293021760938,121.03878568678168
"Water waist-deep and rising fast, 3 kids and disabled father need evacuation. [Ref #242]",high,14.351583201557048,121.10491218138363
"Submerged ground floor, family trapped in attic, oxygen tank running out for elderly father. [Ref #541]",critical,14.686787529127638,120.93556307913637
"Chest-deep flood water, trapped on rooftop with elderly person having stroke symptoms. [Ref #709]",critical,14.737517318247196,121.03053842924692
"Road is impassable due to knee deep flood, power lines down on street. [Ref #518]",medium,14.499501805682529,121.05129806238355
"Submerged ground floor, family trapped in attic, oxygen tank running out for elderly father. [Ref #460]",critical,14.405472192182934,121.02054186848311
Light rain and ankle deep gutter overflow in front of market. [Ref #717],low,14.596680787000317,121.11441447628653
"Flood rising to knee level, vehicles stalled on the avenue. [Ref #235]",medium,14.715512505383133,120.93997666996492
"Puddles forming near corner, street still passable to light vehicles. [Ref #425]",low,14.426467145623576,121.14716784374379
"Rapidly rising water waist high, small children and pregnant woman stranded. [Ref #440]",high,14.444286073257077,120.9263051632601
"Water up to neck, pregnant mother in labor trapped on roof of house. [Ref #769]",critical,14.564152613404945,121.01917678615523
"Chest-deep current outside, front door blocked, need rescue boat. [Ref #542]",high,14.732937760007825,120.97087060717644
Inquiry on evacuation center availability near high school. [Ref #655],low,14.750691231965552,121.13325354438668
Inquiry on evacuation center availability near high school. [Ref #281],low,14.60078942046045,120.91778119936944
"Rapidly rising water waist high, small children and pregnant woman stranded. [Ref #707]",high,14.376670361520986,121.02375565953531
"Rapidly rising water waist high, small children and pregnant woman stranded. [Ref #570]",high,14.436311411066267,120.90926684750029
"Water reaching ceiling on 2nd floor, dialysis patient stranded with infant baby. [Ref #655]",critical,14.744608919487497,120.94900001271003
"Water waist-deep and rising fast, 3 kids and disabled father need evacuation. [Ref #912]",high,14.787839848487717,121.07926765027305
"Water waist-deep and rising fast, 3 kids and disabled father need evacuation. [Ref #573]",high,14.550721805818423,121.11372502949669
"Need help transporting supplies, road flooded knee deep. [Ref #722]",medium,14.759600912674996,120.97046727371541
"House flooded waist deep, need boat rescue for elderly neighbor. [Ref #641]",high,14.452932103833145,120.9494505351226
"Waist-deep flood entering living room, 80 year old grandmother cannot walk. [Ref #117]",high,14.707797923451892,121.08020135128426
Inquiry on evacuation center availability near high school. [Ref #800],low,14.736924870413228,121.12962410361223
"Waist-deep flood entering living room, 80 year old grandmother cannot walk. [Ref #112]",high,14.595842633686557,121.13539647641329
"Rapidly rising water waist high, small children and pregnant woman stranded. [Ref #500]",high,14.374093143700419,121.12176322565563
"Water waist-deep and rising fast, 3 kids and disabled father need evacuation. [Ref #417]",high,14.745462754849985,121.01675942565612
"Knee-deep water in street, cannot get out to buy food or medicine. [Ref #708]",medium,14.448879763142608,120.96819563429457
"Rapidly rising water waist high, small children and pregnant woman stranded. [Ref #275]",high,14.537929815477133,121.1293965929967
"Submerged ground floor, family trapped in attic, oxygen tank running out for elderly father. [Ref #433]",critical,14.593003313861638,121.07020828811966
Inquiry on evacuation center availability near high school. [Ref #461],low,14.643170965980506,120.99498860325653
"Waist-deep flood entering living room, 80 year old grandmother cannot walk. [Ref #484]",high,14.744253276796377,121.1070970843124
"Chest-deep current outside, front door blocked, need rescue boat. [Ref #315]",high,14.757145768582593,121.09663857369057
"Water knee-deep inside garage, power is out and drinking water running low. [Ref #114]",medium,14.491429686598323,120.95698154501274
"Puddles forming near corner, street still passable to light vehicles. [Ref #151]",low,14.458297686854129,121.04779622290467
"Water up to neck, pregnant mother in labor trapped on roof of house. [Ref #502]",critical,14.672617150387095,120.98782286562627
"Rapidly rising water waist high, small children and pregnant woman stranded. [Ref #524]",high,14.584011393986572,121.00401378122895
"House flooded waist deep, need boat rescue for elderly neighbor. [Ref #260]",high,14.775497457544246,121.13303763710094
"Submerged ground floor, family trapped in attic, oxygen tank running out for elderly father. [Ref #626]",critical,14.475246153282269,121.10859830030824
"Water waist-deep and rising fast, 3 kids and disabled father need evacuation. [Ref #723]",high,14.496851762282253,120.95970941785029
"House flooded waist deep, need boat rescue for elderly neighbor. [Ref #269]",high,14.741714215695783,121.00199290937326
"Water knee-deep inside garage, power is out and drinking water running low. [Ref #239]",medium,14.536298274444412,120.9115389758282
"Road is impassable due to knee deep flood, power lines down on street. [Ref #679]",medium,14.613187289356832,121.11180993755394
"Flood rising to knee level, vehicles stalled on the avenue. [Ref #795]",medium,14.553907628384554,121.14855091590138
"Water waist-deep and rising fast, 3 kids and disabled father need evacuation. [Ref #332]",high,14.489214367073691,121.12032048478835
"Chest-deep current outside, front door blocked, need rescue boat. [Ref #223]",high,14.411841169246905,120.9254440898225
"Water up to neck, pregnant mother in labor trapped on roof of house. [Ref #614]",critical,14.404142927747001,121.08955621815231
"Submerged ground floor, family trapped in attic, oxygen tank running out for elderly father. [Ref #258]",critical,14.736996506433758,121.02894032544503
"Trapped on roof, chest-deep water, grandmother needs insulin immediately! [Ref #426]",critical,14.610869065199976,120.9974453269831
"Ankle-deep water on street, requesting update on barangay flood gates. [Ref #708]",low,14.367784698479873,121.13922142471144
"Water reaching ceiling on 2nd floor, dialysis patient stranded with infant baby. [Ref #114]",critical,14.589345386189645,121.0491842839921
"Need help transporting supplies, road flooded knee deep. [Ref #170]",medium,14.700418816848707,121.140581583207
Inquiry on evacuation center availability near high school. [Ref #745],low,14.464774971229527,121.11009639034842
"Submerged ground floor, family trapped in attic, oxygen tank running out for elderly father. [Ref #127]",critical,14.400048406052587,120.99450697018266
"Road is impassable due to knee deep flood, power lines down on street. [Ref #360]",medium,14.485224521188714,120.97309918465706
"Need help transporting supplies, road flooded knee deep. [Ref #814]",medium,14.372064289017072,121.07723578759067
"Flood rising to knee level, vehicles stalled on the avenue. [Ref #194]",medium,14.719799469698394,120.9146512045415
"Waist-deep flood entering living room, 80 year old grandmother cannot walk. [Ref #211]",high,14.385738307046209,121.0561536297855
"Chest-deep flood water, trapped on rooftop with elderly person having stroke symptoms. [Ref #525]",critical,14.793812677357643,120.92909306585234
Light rain and ankle deep gutter overflow in front of market. [Ref #417],low,14.572104603286968,121.128949285115
"Need help transporting supplies, road flooded knee deep. [Ref #952]",medium,14.701803164798497,121.0800413392791
"Water up to neck, pregnant mother in labor trapped on roof of house. [Ref #160]",critical,14.725842669860798,120.92374331404255
"Flood rising to knee level, vehicles stalled on the avenue. [Ref #636]",medium,14.6508434823054,120.90575956676665
"Chest-deep flood water, trapped on rooftop with elderly person having stroke symptoms. [Ref #378]",critical,14.679897549350242,120.96170863437989
"Water reaching ceiling on 2nd floor, dialysis patient stranded with infant baby. [Ref #361]",critical,14.353879035624098,121.05038170487732
"Water reaching ceiling on 2nd floor, dialysis patient stranded with infant baby. [Ref #418]",critical,14.377352853598637,120.95130074174017
"Waist-deep flood entering living room, 80 year old grandmother cannot walk. [Ref #646]",high,14.566818277586489,121.02407408041125
"Water waist-deep and rising fast, 3 kids and disabled father need evacuation. [Ref #567]",high,14.435037037069637,120.99200942222734
"Chest-deep flood water, trapped on rooftop with elderly person having stroke symptoms. [Ref #539]",critical,14.778820751141833,121.03978436850892
"Chest-deep current outside, front door blocked, need rescue boat. [Ref #508]",high,14.544154749845461,121.10018094454895
"Road is impassable due to knee deep flood, power lines down on street. [Ref #694]",medium,14.741567957008842,120.94878394492063
Light rain and ankle deep gutter overflow in front of market. [Ref #690],low,14.74454033745546,120.96936043864413
"Water waist-deep and rising fast, 3 kids and disabled father need evacuation. [Ref #450]",high,14.423510530666043,120.92093150805157
"Knee-deep water in street, cannot get out to buy food or medicine. [Ref #678]",medium,14.59491854753065,121.1122117837362
"Minor gutter flooding, asking for sandbags if rain continues. [Ref #647]",low,14.65373978409199,121.12426590564576
Light rain and ankle deep gutter overflow in front of market. [Ref #264],low,14.494940754194335,120.98375781146598
"Submerged ground floor, family trapped in attic, oxygen tank running out for elderly father. [Ref #441]",critical,14.504861954294089,120.96972345432827
"Water reaching ceiling on 2nd floor, dialysis patient stranded with infant baby. [Ref #137]",critical,14.443197512563664,120.99594170269451
"Submerged ground floor, family trapped in attic, oxygen tank running out for elderly father. [Ref #243]",critical,14.715734361466795,121.0732154154493
"Knee-deep water in street, cannot get out to buy food or medicine. [Ref #110]",medium,14.355052136827725,121.04214430899687
Inquiry on evacuation center availability near high school. [Ref #527],low,14.549127888346446,120.91732396858062
"Water waist-deep and rising fast, 3 kids and disabled father need evacuation. [Ref #528]",high,14.725873244357137,121.1189346810504
"Submerged ground floor, family trapped in attic, oxygen tank running out for elderly father. [Ref #916]",critical,14.793213310546495,120.9979296326354
"Water reaching ceiling on 2nd floor, dialysis patient stranded with infant baby. [Ref #436]",critical,14.633850018492081,120.90737511834597
"Waist-deep flood entering living room, 80 year old grandmother cannot walk. [Ref #135]",high,14.351653980346796,120.96418819297111
"Rapidly rising water waist high, small children and pregnant woman stranded. [Ref #541]",high,14.618524974951825,121.07271144456743
"Rapidly rising water waist high, small children and pregnant woman stranded. [Ref #888]",high,14.70604816140879,120.93456026265478
"Water knee-deep inside garage, power is out and drinking water running low. [Ref #167]",medium,14.661122523622902,121.03529680920002
"Waist-deep flood entering living room, 80 year old grandmother cannot walk. [Ref #985]",high,14.60573928687451,121.14261024285683
"Water up to neck, pregnant mother in labor trapped on roof of house. [Ref #279]",critical,14.770845815285925,121.01890294226422
"Rapidly rising water waist high, small children and pregnant woman stranded. [Ref #102]",high,14.58826060206271,120.99940993861846
"Waist-deep flood entering living room, 80 year old grandmother cannot walk. [Ref #329]",high,14.742264320941137,121.05077773188704
"Water knee-deep inside garage, power is out and drinking water running low. [Ref #405]",medium,14.46842554004272,121.02803974620896
"Flood rising to knee level, vehicles stalled on the avenue. [Ref #313]",medium,14.522694488928073,120.94180709044008
"Road is impassable due to knee deep flood, power lines down on street. [Ref #163]",medium,14.46200154872025,121.0545611170204
"Waist-deep flood entering living room, 80 year old grandmother cannot walk. [Ref #234]",high,14.404366664583462,121.04472214842207
"Submerged ground floor, family trapped in attic, oxygen tank running out for elderly father. [Ref #625]",critical,14.476504858362642,121.09258662893546
"Flood rising to knee level, vehicles stalled on the avenue. [Ref #208]",medium,14.78741774812155,121.09114866469578
"Water waist-deep and rising fast, 3 kids and disabled father need evacuation. [Ref #939]",high,14.773496071944578,121.12404482731002
"Waist-deep flood entering living room, 80 year old grandmother cannot walk. [Ref #727]",high,14.689126652848158,121.08256270541615
"Minor gutter flooding, asking for sandbags if rain continues. [Ref #270]",low,14.773085239910348,120.94869260807081
"Water reaching ceiling on 2nd floor, dialysis patient stranded with infant baby. [Ref #397]",critical,14.695620352181141,121.07249220724134
"Minor gutter flooding, asking for sandbags if rain continues. [Ref #412]",low,14.786494481343873,121.14299882312838
"Rapidly rising water waist high, small children and pregnant woman stranded. [Ref #819]",high,14.436672854553313,121.07336436755067
"Rapidly rising water waist high, small children and pregnant woman stranded. [Ref #401]",high,14.751673798235052,120.9615089309113
"Flood rising to knee level, vehicles stalled on the avenue. [Ref #917]",medium,14.484500571899446,120.94673455823877
"House flooded waist deep, need boat rescue for elderly neighbor. [Ref #558]",high,14.708827731991729,121.09566287738848
"Water waist-deep and rising fast, 3 kids and disabled father need evacuation. [Ref #459]",high,14.609103566397662,121.14759394901762
"Chest-deep current outside, front door blocked, need rescue boat. [Ref #224]",high,14.451674320941546,121.10532629767626
"Need help transporting supplies, road flooded knee deep. [Ref #219]",medium,14.615663027887003,121.00270040286955
"Water knee-deep inside garage, power is out and drinking water running low. [Ref #713]",medium,14.724339793141093,120.95647081123592
"House flooded waist deep, need boat rescue for elderly neighbor. [Ref #723]",high,14.669688600019107,121.0388549730993
"Knee-deep water in street, cannot get out to buy food or medicine. [Ref #311]",medium,14.678536792366549,120.95484811431582
"Flood rising to knee level, vehicles stalled on the avenue. [Ref #615]",medium,14.528583493577786,121.1239650253157
"Chest-deep current outside, front door blocked, need rescue boat. [Ref #339]",high,14.692618334353629,121.08589174667705
Inquiry on evacuation center availability near high school. [Ref #460],low,14.611019230411756,120.99370145437346
Light rain and ankle deep gutter overflow in front of market. [Ref #249],low,14.727306490159066,121.10039953445853
"Flood rising to knee level, vehicles stalled on the avenue. [Ref #814]",medium,14.527879110322772,121.04608444768515
"Submerged ground floor, family trapped in attic, oxygen tank running out for elderly father. [Ref #487]",critical,14.410691591958377,120.90977743046237
"Water reaching ceiling on 2nd floor, dialysis patient stranded with infant baby. [Ref #289]",critical,14.682564511829272,121.11595561378523
"Water waist-deep and rising fast, 3 kids and disabled father need evacuation. [Ref #574]",high,14.651900928528503,121.00014482449694
"Waist-deep flood entering living room, 80 year old grandmother cannot walk. [Ref #338]",high,14.632033116408925,120.93609334815513
"Waist-deep flood entering living room, 80 year old grandmother cannot walk. [Ref #675]",high,14.486936030097935,120.94435738477549
"Road is impassable due to knee deep flood, power lines down on street. [Ref #918]",medium,14.742181155587245,121.10580265251059
"Chest-deep current outside, front door blocked, need rescue boat. [Ref #381]",high,14.559286926909165,121.12004228149902
"Waist-deep flood entering living room, 80 year old grandmother cannot walk. [Ref #351]",high,14.438406816185598,120.9565128706738
"Water reaching ceiling on 2nd floor, dialysis patient stranded with infant baby. [Ref #686]",critical,14.389282716655394,121.02144228814029
"Chest-deep current outside, front door blocked, need rescue boat. [Ref #885]",high,14.571986859637793,121.01198294122607
"Puddles forming near corner, street still passable to light vehicles. [Ref #517]",low,14.723682788241755,120.9639421140132
"Chest-deep current outside, front door blocked, need rescue boat. [Ref #200]",high,14.570498553914113,120.94267981376285
"Flood rising to knee level, vehicles stalled on the avenue. [Ref #880]",medium,14.743439985210232,120.99815731628489
"Rapidly rising water waist high, small children and pregnant woman stranded. [Ref #232]",high,14.498325319711459,121.10257630622023
"Water up to neck, pregnant mother in labor trapped on roof of house. [Ref #281]",critical,14.666388585485242,121.10220462559609
"Waist-deep flood entering living room, 80 year old grandmother cannot walk. [Ref #725]",high,14.550921348902811,121.12413663211807
"Road is impassable due to knee deep flood, power lines down on street. [Ref #272]",medium,14.573492229838426,121.12519006510803
"Rapidly rising water waist high, small children and pregnant woman stranded. [Ref #982]",high,14.379114161194739,121.09121449822665
"Flood rising to knee level, vehicles stalled on the avenue. [Ref #784]",medium,14.56160500333451,120.97842214249815
"Need help transporting supplies, road flooded knee deep. [Ref #208]",medium,14.724029794234992,120.92972902856945
"Water waist-deep and rising fast, 3 kids and disabled father need evacuation. [Ref #781]",high,14.495636704002143,121.06143298425893
"Submerged ground floor, family trapped in attic, oxygen tank running out for elderly father. [Ref #882]",critical,14.578779318234872,121.03662440822325
"Submerged ground floor, family trapped in attic, oxygen tank running out for elderly father. [Ref #842]",critical,14.374875250381097,120.9911722381198
"Minor gutter flooding, asking for sandbags if rain continues. [Ref #381]",low,14.753922255346716,121.0833398738239
Inquiry on evacuation center availability near high school. [Ref #995],low,14.454223045269819,121.03427812161539
"Water up to neck, pregnant mother in labor trapped on roof of house. [Ref #497]",critical,14.446867618597347,120.91257418135656
"House flooded waist deep, need boat rescue for elderly neighbor. [Ref #907]",high,14.622972001699967,121.07872804247296
"Trapped on roof, chest-deep water, grandmother needs insulin immediately! [Ref #484]",critical,14.63614902298367,120.96714997516337
"Chest-deep current outside, front door blocked, need rescue boat. [Ref #986]",high,14.403353122085381,120.93555357463858
"Water reaching ceiling on 2nd floor, dialysis patient stranded with infant baby. [Ref #547]",critical,14.550361395807814,120.95062468933513
"Chest-deep flood water, trapped on rooftop with elderly person having stroke symptoms. [Ref #464]",critical,14.734051853229106,121.1428224725253
"Need help transporting supplies, road flooded knee deep. [Ref #151]",medium,14.500079347762583,120.9416832118954
"Minor gutter flooding, asking for sandbags if rain continues. [Ref #614]",low,14.733927863038359,121.04362397764817
"Need help transporting supplies, road flooded knee deep. [Ref #915]",medium,14.677614804799294,121.12035189007413
"Trapped on roof, chest-deep water, grandmother needs insulin immediately! [Ref #767]",critical,14.434165590691117,120.97847681255686
"Flood rising to knee level, vehicles stalled on the avenue. [Ref #389]",medium,14.499864745717074,120.93482876107936
"Ankle-deep water on street, requesting update on barangay flood gates. [Ref #463]",low,14.696953379252545,120.99354897030288
"Road is impassable due to knee deep flood, power lines down on street. [Ref #208]",medium,14.621792830734144,120.93777528315194
"Flood rising to knee level, vehicles stalled on the avenue. [Ref #705]",medium,14.42092689045625,121.11643731352822
"Knee-deep water in street, cannot get out to buy food or medicine. [Ref #929]",medium,14.620741154717468,121.10252449987668
"Chest-deep current outside, front door blocked, need rescue boat. [Ref #797]",high,14.431137947699474,120.9522506640653
"Water reaching ceiling on 2nd floor, dialysis patient stranded with infant baby. [Ref #581]",critical,14.633009358449556,120.91344310213691
"Road is impassable due to knee deep flood, power lines down on street. [Ref #120]",medium,14.357799276054468,120.91064912086432
"Need help transporting supplies, road flooded knee deep. [Ref #113]",medium,14.701205116612325,121.06461502714498
"Water waist-deep and rising fast, 3 kids and disabled father need evacuation. [Ref #651]",high,14.369970225289087,121.13437876300435
"Trapped on roof, chest-deep water, grandmother needs insulin immediately! [Ref #459]",critical,14.675669157375774,121.018758998424
"Puddles forming near corner, street still passable to light vehicles. [Ref #317]",low,14.418067072478541,120.93713005247331
"Puddles forming near corner, street still passable to light vehicles. [Ref #107]",low,14.593860008453134,121.10231286008387
"Submerged ground floor, family trapped in attic, oxygen tank running out for elderly father. [Ref #713]",critical,14.47067012234403,120.96320035853448
"House flooded waist deep, need boat rescue for elderly neighbor. [Ref #242]",high,14.542419848580709,121.12379338125001
"Knee-deep water in street, cannot get out to buy food or medicine. [Ref #177]",medium,14.702611009980377,120.92258999414955
"Water waist-deep and rising fast, 3 kids and disabled father need evacuation. [Ref #264]",high,14.557181190547967,120.90121750847713
"Knee-deep water in street, cannot get out to buy food or medicine. [Ref #498]",medium,14.491957311756071,120.94859513149107
"Road is impassable due to knee deep flood, power lines down on street. [Ref #649]",medium,14.637008694275847,121.1335162237178
"Water up to neck, pregnant mother in labor trapped on roof of house. [Ref #334]",critical,14.692012540437794,121.12312978792029
Inquiry on evacuation center availability near high school. [Ref #962],low,14.401207903824206,120.92063967190522
"Trapped on roof, chest-deep water, grandmother needs insulin immediately! [Ref #506]",critical,14.723592499151266,120.90466373398046
"Trapped on roof, chest-deep water, grandmother needs insulin immediately! [Ref #725]",critical,14.721389648201741,120.9341733538029
"Rapidly rising water waist high, small children and pregnant woman stranded. [Ref #861]",high,14.356428805307154,121.0934868513829
"Water reaching ceiling on 2nd floor, dialysis patient stranded with infant baby. [Ref #275]",critical,14.554891694641741,121.06752396330884
"Water reaching ceiling on 2nd floor, dialysis patient stranded with infant baby. [Ref #875]",critical,14.796458512999468,121.00039861975235
"Submerged ground floor, family trapped in attic, oxygen tank running out for elderly father. [Ref #795]",critical,14.670988025968544,121.01171096340211
"House flooded waist deep, need boat rescue for elderly neighbor. [Ref #578]",high,14.479018069000626,120.93135834715613
"Chest-deep flood water, trapped on rooftop with elderly person having stroke symptoms. [Ref #558]",critical,14.742068327517892,121.01648588151467
"Waist-deep flood entering living room, 80 year old grandmother cannot walk. [Ref #674]",high,14.76201659592447,120.97546703716152
"Road is impassable due to knee deep flood, power lines down on street. [Ref #997]",medium,14.371533753660731,121.0123276102852
"Water reaching ceiling on 2nd floor, dialysis patient stranded with infant baby. [Ref #231]",critical,14.780623969916189,120.91047688394428
"House flooded waist deep, need boat rescue for elderly neighbor. [Ref #913]",high,14.536756638486837,121.10615167287649
"Trapped on roof, chest-deep water, grandmother needs insulin immediately! [Ref #766]",critical,14.540256255871777,120.9744819422723
"Minor gutter flooding, asking for sandbags if rain continues. [Ref #800]",low,14.538721741216069,121.10638631236759
Light rain and ankle deep gutter overflow in front of market. [Ref #267],low,14.41400231105985,120.96321488641902
"Knee-deep water in street, cannot get out to buy food or medicine. [Ref #569]",medium,14.426198134754072,121.12973477898993
"Waist-deep flood entering living room, 80 year old grandmother cannot walk. [Ref #724]",high,14.533527273027566,120.99319356006365
"Road is impassable due to knee deep flood, power lines down on street. [Ref #611]",medium,14.536336086301167,121.02632029342674
"Ankle-deep water on street, requesting update on barangay flood gates. [Ref #409]",low,14.610986794817462,120.98370774957716
"Water up to neck, pregnant mother in labor trapped on roof of house. [Ref #821]",critical,14.696255702756945,121.14440501899692
"Trapped on roof, chest-deep water, grandmother needs insulin immediately! [Ref #403]",critical,14.747613353422869,121.14346893306275
"Water waist-deep and rising fast, 3 kids and disabled father need evacuation. [Ref #972]",high,14.68213283467777,120.9500663469614
"Water up to neck, pregnant mother in labor trapped on roof of house. [Ref #177]",critical,14.42210769571534,120.9243811104247
"Water knee-deep inside garage, power is out and drinking water running low. [Ref #896]",medium,14.382069511892206,120.95160753561963
"Rapidly rising water waist high, small children and pregnant woman stranded. [Ref #877]",high,14.66680720884685,121.02454429557814
"Water up to neck, pregnant mother in labor trapped on roof of house. [Ref #922]",critical,14.558941601994164,121.06791980882237
"Waist-deep flood entering living room, 80 year old grandmother cannot walk. [Ref #953]",high,14.615403711046394,121.0643651195672
"Need help transporting supplies, road flooded knee deep. [Ref #900]",medium,14.38803114216267,120.90821043895191
"Ankle-deep water on street, requesting update on barangay flood gates. [Ref #322]",low,14.525001659982639,120.9118838714467
"Water up to neck, pregnant mother in labor trapped on roof of house. [Ref #111]",critical,14.544855425654399,121.01027541141654
Light rain and ankle deep gutter overflow in front of market. [Ref #912],low,14.695030000080928,121.0014263603634
"House flooded waist deep, need boat rescue for elderly neighbor. [Ref #227]",high,14.73893821410278,121.13218330317719
"Water up to neck, pregnant mother in labor trapped on roof of house. [Ref #762]",critical,14.5844191442541,120.95973197645975
"Waist-deep flood entering living room, 80 year old grandmother cannot walk. [Ref #142]",high,14.734155792120317,121.13013054778318
"Ankle-deep water on street, requesting update on barangay flood gates. [Ref #262]",low,14.519010050095178,120.93129626895924
"Puddles forming near corner, street still passable to light vehicles. [Ref #763]",low,14.610171110453702,121.06255629606801
"Knee-deep water in street, cannot get out to buy food or medicine. [Ref #717]",medium,14.587752321336772,121.0415477653414
"Knee-deep water in street, cannot get out to buy food or medicine. [Ref #817]",medium,14.575997147170908,121.1317334977652
"Water up to neck, pregnant mother in labor trapped on roof of house. [Ref #124]",critical,14.421735249258301,121.12438581438552
"Water reaching ceiling on 2nd floor, dialysis patient stranded with infant baby. [Ref #308]",critical,14.756051702204855,120.94803270789548
"Water reaching ceiling on 2nd floor, dialysis patient stranded with infant baby. [Ref #700]",critical,14.418745442977729,121.10670464058238
"Water reaching ceiling on 2nd floor, dialysis patient stranded with infant baby. [Ref #594]",critical,14.783391733645084,120.93749807053088
"Water up to neck, pregnant mother in labor trapped on roof of house. [Ref #947]",critical,14.643521549864857,121.01843444112006
"Water knee-deep inside garage, power is out and drinking water running low. [Ref #636]",medium,14.430011087651918,120.90508714282949
"Waist-deep flood entering living room, 80 year old grandmother cannot walk. [Ref #822]",high,14.796972490395015,120.96990751986507
"House flooded waist deep, need boat rescue for elderly neighbor. [Ref #268]",high,14.553056697966186,120.93450701863492
"Submerged ground floor, family trapped in attic, oxygen tank running out for elderly father. [Ref #230]",critical,14.443726361511882,121.09719293746822
"Waist-deep flood entering living room, 80 year old grandmother cannot walk. [Ref #482]",high,14.546383521297312,121.07001178242476
"House flooded waist deep, need boat rescue for elderly neighbor. [Ref #947]",high,14.43335045722049,121.02064476751731
"Water up to neck, pregnant mother in labor trapped on roof of house. [Ref #307]",critical,14.652956838195177,120.92277883908736
"Rapidly rising water waist high, small children and pregnant woman stranded. [Ref #671]",high,14.75756836056913,121.12338721123572
