u,v,start_lat,start_lon,end_lat,end_lon,mid_lat,mid_lon,road_class,road_length_m,speed_kph,elevation_m,flood_depth_m,flood_hazard_class,road_class_code,distance_to_evac_m,risk_score
node_0,node_1000,14.698280221850183,121.05404142500603,14.693107663082717,121.05739840818299,14.69569394246645,121.05571991659451,secondary,679.1038273934487,40.0,37.5,0.13,1,4,2346.3939152758167,0.21151121163884967
node_1,node_1001,14.547495297888423,120.9428228260232,14.543945144831795,120.93541008209237,14.54572022136011,120.9391164540578,trunk,890.1591386139056,60.0,15.3,0.62,2,2,4200.810317373515,0.6381828730141369
node_2,node_1002,14.736369063960122,121.04123765286812,14.729477895241791,121.03674070338015,14.732923479600956,121.03898917812413,service,906.1046476585602,20.0,33.5,1.77,3,8,4387.263761294031,0.8377452752258806
node_3,node_1003,14.663815613076714,121.04310762850847,14.671301900382531,121.03588071843313,14.667558756729623,121.0394941734708,secondary,1138.9970052513806,40.0,12.7,1.93,3,4,4925.326654094313,0.8485065330818863
node_4,node_1004,14.392379806549442,121.0164962882453,14.388044745214446,121.0121667035773,14.390212275881943,121.0143314959113,primary,670.6839592845841,50.0,42.3,0.25,1,3,1628.6154400865346,0.272155642135064
node_5,node_1005,14.789030058236541,121.03065794387828,14.79025984612483,121.03415267482526,14.789644952180685,121.03240530935177,secondary,399.8331136266706,40.0,38.9,2.21,3,4,7639.090087512209,0.85
node_6,node_1006,14.69251286589566,121.09098084750165,14.698352354398487,121.09918738570536,14.695432610147073,121.09508411660352,service,1095.7797756044124,20.0,21.3,0.36,1,8,1909.0551805467637,0.3465144369442686
node_7,node_1007,14.70372893737463,121.09981117912803,14.709405419562144,121.09386162728651,14.706567178468386,121.09683640320728,trunk,898.8119979205909,60.0,39.1,0.61,2,2,2493.1473005568478,0.5977796126778036
node_8,node_1008,14.407651134703995,121.02303830389387,14.406418859875679,121.02387988459289,14.407034997289838,121.02345909424338,residential,164.28703371806006,25.0,24.8,0.53,2,7,1414.3312604192859,0.5262032918750524
node_9,node_1009,14.552673672053006,121.04989836038065,14.55219881822474,121.05392618240552,14.552436245138873,121.05191227139309,unclassified,436.7085323440363,30.0,23.3,0.59,2,6,3658.8856101881474,0.6085943788704296
node_10,node_1010,14.516859110904662,121.13280905892253,14.526753145883362,121.14186750829225,14.521806128394012,121.13733828360739,residential,1470.080242374151,25.0,43.2,0.18,1,7,5381.163955626882,0.2958333333333333
node_11,node_1011,14.767044244981872,120.92993339712528,14.770536194521451,120.93213460678302,14.768790219751661,120.93103400195415,service,454.7338010503817,20.0,34.5,0.18,1,8,2857.116883266314,0.2529756709986596
node_12,node_1012,14.639739304036299,120.92927589147503,14.646032072898656,120.92437803009558,14.642885688467477,120.9268269607853,residential,875.9378165452449,25.0,29.2,0.23,1,7,1256.7179158097922,0.2522176916495291
node_13,node_1013,14.720242725971874,120.9219272529777,14.728293805356259,120.92443681611597,14.724268265664065,120.92318203454684,residential,935.0358449853885,25.0,3.2,1.28,2,7,7338.65167180338,0.8686666666666666
node_14,node_1014,14.5495363894723,121.06446582126014,14.555288186196886,121.0608756444937,14.552412287834592,121.06267073287692,primary,747.2329898134344,50.0,23.3,0.59,2,3,4118.012514040868,0.617776916947484
node_15,node_1015,14.45225742480315,121.0046520751976,14.445961011702222,121.01417464301143,14.449109218252687,121.00941335910451,residential,1241.596806344115,25.0,20.9,0.31,1,7,5022.056147433274,0.3770833333333333
node_16,node_1016,14.599563154157126,121.09358035403547,14.600806568831878,121.09157387673874,14.600184861494501,121.0925771153871,tertiary,256.3813614453311,40.0,26.3,0.2,1,5,882.2523282110612,0.22597837989755454
node_17,node_1017,14.37871776524688,121.06780785332715,14.37075564839317,121.07151640774238,14.374736706820023,121.06966213053477,tertiary,971.2926131227803,40.0,2.4,0.05,1,5,3785.148503831122,0.30428630340995577
node_18,node_1018,14.722434027396663,120.98340943958206,14.725492469927943,120.973873991229,14.723963248662303,120.97864171540553,residential,1080.3961166862882,25.0,30.5,0.25,1,7,2355.500979232254,0.2866933529179784
node_19,node_1019,14.63424897960493,121.12459163684039,14.643355968168686,121.12259286576308,14.638802473886809,121.12359225130174,service,1035.231105252528,20.0,15.7,0.03,0,8,4650.845183038,0.11176690366076
node_20,node_1020,14.691139483038418,121.09063303676767,14.69139412432442,121.09813518903412,14.691266803681419,121.0943841129009,unclassified,807.424870534029,30.0,41.0,0.13,1,6,1842.4153640610798,0.20143164061455493
node_21,node_1021,14.509536685658441,120.96763373522755,14.508196135515796,120.96983828411622,14.508866410587117,120.96873600967189,tertiary,280.2480441271992,40.0,21.1,0.06,1,5,3781.916501836127,0.19647166337005587
node_22,node_1022,14.786814110977707,120.99104800444302,14.77753096600607,120.98992686217093,14.782172538491889,120.99048743330698,tertiary,1039.252756008612,40.0,4.4,0.65,2,5,4079.7575123144798,0.7385118169129562
node_23,node_1023,14.75190450459499,120.97860999505107,14.761099995041574,120.98732874503979,14.756502249818283,120.98296937004542,secondary,1387.2289608509527,40.0,41.0,0.12,1,4,4462.061547310017,0.24757456427953367
node_24,node_1024,14.700272573683193,120.93940291215625,14.692332627365797,120.9464825996792,14.696302600524495,120.94294275591773,secondary,1165.8977697336513,40.0,32.4,0.13,1,4,4987.028990346393,0.26432391314026116
node_25,node_1025,14.437587418533385,120.93694584313555,14.428409000399482,120.933390156612,14.432998209466433,120.93516799987378,secondary,1090.05534490792,40.0,42.4,1.12,2,4,2954.8113861579636,0.7257628943898259
node_26,node_1026,14.560024451677165,121.13403186584394,14.554945783907264,121.13492283388476,14.557485117792215,121.13447734986434,trunk,572.8054075767227,60.0,23.4,0.44,1,2,6813.669867563067,0.45833333333333326
node_27,node_1027,14.369711694604252,121.00947600929969,14.36102230328262,121.00927249442154,14.365366998943436,121.0093742518606,trunk,966.4648932299372,60.0,10.8,0.19,1,2,3352.159179487252,0.2691265169230784
node_28,node_1028,14.419430271430397,120.99582995569436,14.418532628278632,120.99847400569666,14.418981449854513,120.99715198069552,residential,301.731427460058,25.0,19.7,0.25,1,7,2108.1837886879407,0.28174700910709216
node_29,node_1029,14.657372028959106,121.08242142716935,14.657693784984248,121.07910365250852,14.657532906971678,121.08076253983893,secondary,358.70215319857095,40.0,10.2,0.22,1,4,2714.086435658465,0.2751150620465026
node_30,node_1030,14.685142970158518,121.03824826631323,14.68139436913909,121.03313236632854,14.683268669648804,121.03569031632088,residential,690.330382684983,25.0,34.0,1.93,3,7,4635.567242060795,0.8427113448412159
node_31,node_1031,14.785379379595396,121.13403499670962,14.776398589246893,121.14228843341472,14.780888984421145,121.13816171506217,tertiary,1335.9138100562561,40.0,13.6,2.59,3,5,5973.685544034466,0.85
node_32,node_1032,14.496621411162169,121.09507537347736,14.488853418527153,121.10355286346733,14.492737414844662,121.09931411847234,motorway,1256.593966828923,80.0,12.1,1.13,2,1,2895.5895838012593,0.7245784583426919
node_33,node_1033,14.51670686771569,121.01984239103115,14.514396955275489,121.02670884874638,14.515551911495589,121.02327561988876,primary,782.4994809950401,50.0,38.5,0.68,2,3,2036.7285472518367,0.6324012376117034
node_34,node_1034,14.561300115074113,120.99408986837021,14.552510684090644,121.0036539569855,14.556905399582378,120.99887191267786,primary,1419.4126451796783,50.0,11.7,0.01,0,3,2484.6835953977056,0.055943671907954115
node_35,node_1035,14.435262111587928,121.14665788623108,14.439225906100127,121.15,14.437244008844027,121.14832894311554,service,569.0212742251795,20.0,16.6,1.13,2,8,8152.021405882874,0.7666666666666666
node_36,node_1036,14.408464677400962,121.07944005900092,14.402605088231459,121.08473340357216,14.40553488281621,121.08208673128654,primary,865.7513414952664,50.0,34.4,0.32,1,3,3481.065562777136,0.35295464458887604
node_37,node_1037,14.56406721680167,121.13779866500097,14.560108648177343,121.14305046684022,14.562087932489506,121.1404245659206,tertiary,716.3929903834847,40.0,23.4,0.44,1,5,7101.657516670846,0.45833333333333326
node_38,node_1038,14.452109207072898,120.92961964430427,14.44999172261646,120.92923179692312,14.451050464844679,120.9294257206137,residential,239.12851006546444,25.0,30.8,0.06,1,7,5002.393794936527,0.22083333333333333
node_39,node_1039,14.65141629760713,121.1126334197977,14.649748490268513,121.111762463688,14.650582393937821,121.11219794174285,service,207.7774793880793,20.0,22.0,0.03,0,8,4260.316213758955,0.1039563242751791
node_40,node_1040,14.546718363492548,121.05926847099781,14.536751577646044,121.05407299652079,14.541734970569296,121.05667073375929,primary,1241.3460068703173,50.0,23.3,0.59,2,3,3639.2407456947035,0.6082014815805608
node_41,node_1041,14.724705188226027,120.93048041958379,14.716946595646,120.93337680347098,14.720825891936013,120.93192861152738,motorway,917.2274265769909,80.0,3.2,0.33,1,1,6750.182119738407,0.49158333333333326
node_42,node_1042,14.665119295901013,121.04706449999232,14.672374587175831,121.04285090271436,14.668746941538423,121.04495770135334,primary,925.3605594160628,50.0,12.7,1.93,3,3,4456.991884476573,0.8391398376895315
node_43,node_1043,14.490564988621918,121.07152409127637,14.480589649872156,121.06668025947042,14.485577319247037,121.06910217537339,trunk,1225.6791920707103,60.0,37.7,1.38,2,2,3950.7624207882964,0.7456819150824325
node_44,node_1044,14.724516910627841,120.90307567147215,14.7246802577441,120.90479489895408,14.72459858418597,120.90393528521312,primary,185.78115273267994,50.0,16.6,1.28,2,3,8410.593990329551,0.7666666666666666
node_45,node_1045,14.712143960873561,121.01357949046044,14.711934001003705,121.01177913822494,14.712038980938633,121.01267931434269,tertiary,195.02910445163198,40.0,37.5,0.65,2,5,2123.0564521367505,0.6153777957094017
node_46,node_1046,14.524365270563578,121.10634987779909,14.521027153783791,121.10072700997499,14.522696212173685,121.10353844388703,residential,710.0084548695218,25.0,27.3,0.18,1,7,1852.6227685401268,0.23288578870413584
node_47,node_1047,14.47974764676861,120.97383975633603,14.47837418717154,120.98016087667109,14.479060916970074,120.97700031650356,tertiary,697.4780594340788,40.0,43.8,0.52,2,5,6716.076750500694,0.5916666666666667
node_48,node_1048,14.65712297678874,121.01463702044964,14.662734599539272,121.02184841883553,14.659928788164006,121.01824271964259,tertiary,995.5746528529615,40.0,27.3,0.17,1,5,2722.567124533042,0.24403467582399416
node_49,node_1049,14.412888617624189,121.01057853176698,14.419712691748488,121.00393252216054,14.416300654686339,121.00725552696376,primary,1043.0987495364432,50.0,19.7,0.25,1,3,1387.7101216453814,0.2673375357662409
node_50,node_1050,14.439958691113798,120.97548184786064,14.435165661982102,120.96563198851663,14.43756217654795,120.97055691818863,residential,1187.0381730335926,25.0,44.0,0.23,1,7,5137.580440389459,0.3270833333333333
node_51,node_1051,14.353313021387953,121.1296104738789,14.35,121.12633307324948,14.351656510693976,121.12797177356418,tertiary,510.25640064291076,40.0,25.7,0.33,1,5,2260.671662866844,0.3347967665906702
node_52,node_1052,14.704115969875962,121.09532350885789,14.698965626936529,121.1012737255715,14.701540798406246,121.0982986172147,residential,858.8021314806185,25.0,21.3,0.61,2,7,2410.077942291436,0.5961182255124954
node_53,node_1053,14.649182885466415,120.92764710274903,14.648780153477436,120.93443058007372,14.648981519471924,120.93103884141138,residential,731.1415699215928,25.0,37.9,0.06,1,7,1848.1764557171396,0.1577968624476761
node_54,node_1054,14.667324420381851,121.1492586644594,14.670989587535027,121.14202524586172,14.66915700395844,121.14564195516056,secondary,878.3724311794389,40.0,8.8,0.32,1,4,3558.045696029548,0.3724942472539242
node_55,node_1055,14.701328063959886,121.11980000607694,14.695893121469155,121.1252867241006,14.69861059271452,121.12254336508877,trunk,844.6756178167817,60.0,39.1,0.36,1,2,1902.4920182238955,0.3463831736978112
node_56,node_1056,14.556512098992252,120.97097710946602,14.55312681383335,120.9632911928122,14.554819456412801,120.9671341511391,primary,908.8286364789059,50.0,37.4,0.53,2,3,2621.3443825289314,0.5503435543172452
node_57,node_1057,14.605933538178803,121.10922414491525,14.614541230530586,121.10702539671837,14.610237384354694,121.1081247708168,secondary,985.9376498565516,40.0,26.3,0.2,1,4,1493.739819643349,0.2382081297262003
node_58,node_1058,14.412908649157446,120.92660488296785,14.403880034954385,120.93657707326808,14.408394342055916,120.93159097811797,residential,1470.1429302120794,25.0,26.8,1.12,2,7,456.51517008007875,0.6757969700682682
node_59,node_1059,14.401538533091188,121.14977618261857,14.400753925195978,121.14362799908318,14.401146229143583,121.14670209085088,secondary,667.8881622267544,40.0,13.4,1.47,2,4,4615.462104114306,0.7589759087489527
node_60,node_1060,14.650781332805712,121.06642118402664,14.655012493637647,121.05950045567819,14.65289691322168,121.0629608198524,residential,880.7192867969981,25.0,21.1,0.2,1,7,2626.5683527880237,0.2608647003890938
node_61,node_1061,14.56199329276441,121.0625312538897,14.555002372995558,121.06098726054064,14.558497832879983,121.06175925721517,tertiary,794.9173148103827,40.0,23.3,0.59,2,5,3504.334585181397,0.6055033583702946
node_62,node_1062,14.604356247916535,120.92261018174604,14.595303728316644,120.92500355226544,14.59982998811659,120.92380686700574,primary,1039.0175357569299,50.0,19.9,0.55,2,3,2517.8824350159616,0.5607743153669859
node_63,node_1063,14.694249485837211,121.12425834972416,14.687013593269983,121.13291636537242,14.690631539553596,121.1285873575483,secondary,1230.6943036535433,40.0,8.8,0.32,1,4,1669.4904972504937,0.3347231432783432
node_64,node_1064,14.635623244000266,120.90724987580113,14.64399970787088,120.9168662987118,14.639811475935574,120.91205808725647,unclassified,1392.0856390527335,30.0,35.2,1.31,2,6,2208.119191246963,0.7108290504916059
node_65,node_1065,14.599110730296099,120.96020701451029,14.589295925932522,120.95159982724212,14.594203328114311,120.95590342087621,unclassified,1431.396675300068,30.0,26.8,0.29,1,6,1497.9960276138627,0.29454325388561053
node_66,node_1066,14.601643222335436,120.93575546879167,14.595409661831663,120.92851541913863,14.59852644208355,120.93213544396515,secondary,1042.7786919769949,40.0,3.8,0.29,1,4,1717.7549501139822,0.3919384323356129
node_67,node_1067,14.486777544128175,121.09419198517305,14.477403214386209,121.10000674465097,14.482090379257192,121.09709936491201,primary,1215.9202773286827,50.0,32.6,1.26,2,3,3927.822699917599,0.7452231206650186
node_68,node_1068,14.363868025555572,120.94955105680323,14.356080614906816,120.94496369984864,14.359974320231194,120.94725737832593,unclassified,996.9987272181671,30.0,33.7,1.87,3,6,3867.2436119219738,0.8273448722384394
node_69,node_1069,14.546522825154563,121.12765955678273,14.548925810887129,121.13535653797285,14.547724318020846,121.13150804737779,primary,870.4504431476945,50.0,43.2,0.18,1,3,5875.952681608407,0.2958333333333333
node_70,node_1070,14.446563102768788,121.06406725983187,14.44139588094357,121.06733632497645,14.44397949185618,121.06570179240416,residential,673.8272079275143,25.0,35.6,0.11,1,7,3067.7187583013047,0.21343770849935942
node_71,node_1071,14.533837889676086,120.90904067762368,14.5352221306847,120.9012775736713,14.534530010180394,120.90515912564749,primary,849.6500898906608,50.0,37.7,0.62,2,3,2942.7382430380385,0.6130214315274274
node_72,node_1072,14.734031382970675,120.90135745853217,14.735835290625998,120.90800804423066,14.734933336798337,120.90468275138142,primary,742.7870624904757,50.0,39.0,1.28,2,3,7489.040129562486,0.7666666666666666
node_73,node_1073,14.455272768639404,120.9129144792536,14.462261475301199,120.90644160685376,14.4587671219703,120.90967804305367,tertiary,1043.8598094002045,40.0,19.8,0.06,1,5,6441.510943356585,0.22083333333333333
node_74,node_1074,14.37623623376008,121.05148129441194,14.366331061618318,121.04995120230554,14.3712836476892,121.05071624835874,tertiary,1113.6680540405696,40.0,15.2,0.05,1,5,3544.178236920392,0.18546689807174116
node_75,node_1075,14.476622751409899,121.10037045271486,14.483690140596746,121.10141415128604,14.480156446003322,121.10089230200045,tertiary,793.8507167251468,40.0,32.6,1.26,2,5,4254.497150359982,0.7517566096738663
node_76,node_1076,14.482117190995007,120.95963820515685,14.484499572723546,120.95965352813846,14.483308381859278,120.95964586664766,secondary,264.91389813024256,40.0,4.2,0.01,0,4,6767.746415397148,0.19325
node_77,node_1077,14.647862431627104,121.11235221073078,14.641117301349203,121.11607546904308,14.644489866488154,121.11421383988693,service,850.2839645756874,20.0,15.7,0.03,0,8,4210.088901105826,0.10295177802211654
node_78,node_1078,14.600664468553575,120.91430798503832,14.60612321631628,120.91736171973571,14.603393842434928,120.91583485238701,tertiary,690.21901721225,40.0,19.9,0.55,2,5,1752.8324764755969,0.5454733161961786
node_79,node_1079,14.702754194097887,121.10024096341043,14.7098640249337,121.11008180352098,14.706309109515793,121.10516138346571,tertiary,1321.0716714562636,40.0,39.1,0.36,1,5,3298.308933048314,0.37429951199429956
node_80,node_1080,14.648941093147325,121.13194885754308,14.644026362822409,121.14193729572756,14.646483727984867,121.13694307663532,secondary,1205.5535992243797,40.0,42.7,0.03,0,4,6038.4422640171715,0.11875000000000001
node_81,node_1081,14.532874087648032,121.0930270997761,14.541249961266086,121.09335628782881,14.53706202445706,121.09319169380245,trunk,932.0283945390313,60.0,28.0,0.18,1,2,2392.491067194604,0.2436831546772254
node_82,node_1082,14.716309173099717,121.07453019599467,14.71539832170569,121.06643417773388,14.715853747402704,121.07048218686427,tertiary,876.5770205687835,40.0,21.3,0.05,1,5,540.3425800078895,0.12539018493349113
node_83,node_1083,14.425137813958466,121.10949505466385,14.427206303045132,121.11405192064322,14.426172058501798,121.11177348765354,primary,541.9524111812111,50.0,16.6,0.64,2,3,6171.112740986617,0.6666666666666666
node_84,node_1084,14.360220432910237,120.91003782488677,14.36991342358259,120.9195711064511,14.365066928246414,120.91480446566894,tertiary,1488.6976445406626,40.0,12.7,0.58,2,5,5101.723797786062,0.6291666666666665
node_85,node_1085,14.390521537349038,120.95044552767978,14.387752258921822,120.94681205543236,14.38913689813543,120.94862879155608,trunk,497.9710814958223,60.0,12.7,0.27,1,2,2398.5628090130235,0.3000545895135938
node_86,node_1086,14.675061707768403,120.93123091982642,14.681324894684806,120.93045509754317,14.678193301226605,120.9308430086848,service,701.4167223127519,20.0,27.6,0.53,2,8,3600.9300844723025,0.5699352683561127
node_87,node_1087,14.557844753613125,121.02613274754825,14.554212735969694,121.02462828604456,14.556028744791409,121.0253805167964,tertiary,435.1117080101681,40.0,7.7,0.27,1,5,2470.514963560783,0.33599363260454895
node_88,node_1088,14.42257230056512,121.08629703208221,14.428556571009949,121.07732541517335,14.425564435787535,121.08181122362778,residential,1173.1252111857664,25.0,34.4,0.32,1,7,3176.684416065902,0.3468670216546514
node_89,node_1089,14.575470148796514,121.05750296114411,14.577484827173766,121.06094824976857,14.57647748798514,121.05922560545633,tertiary,433.19108831440934,40.0,19.0,0.28,1,5,1967.5220329804501,0.2976837739929424
node_90,node_1090,14.418540446220925,121.11278277494048,14.412867560125433,121.10984952884185,14.415704003173179,121.11131615189117,trunk,705.4729515365052,60.0,17.4,0.64,2,2,5011.042740955383,0.6666666666666666
node_91,node_1091,14.663344168784981,120.93880324811028,14.661624690660766,120.9445525256029,14.662484429722873,120.94167788685658,residential,647.3507276492063,25.0,37.9,0.06,1,7,1505.940814076591,0.15095214961486514
node_92,node_1092,14.550770324008313,121.08365527298379,14.547123036695584,121.09029767448943,14.54894668035195,121.08697647373661,tertiary,821.9397629044366,40.0,28.0,0.82,2,5,3640.1351134241204,0.739469368935149
node_93,node_1093,14.521459551743417,120.94826037271723,14.513021719605025,120.95468498844919,14.51724063567422,120.95147268058321,residential,1165.5811338922217,25.0,31.0,0.06,1,7,4353.843388073249,0.2079102010947983
node_94,node_1094,14.485680440116544,120.96768968782946,14.476277135518538,120.96602300779026,14.480978787817541,120.96685634780985,secondary,1060.885058540653,40.0,21.1,0.01,0,4,6739.2065235528635,0.10625000000000001
node_95,node_1095,14.6336271669035,121.07747617432034,14.630556740011643,121.07390708796515,14.632091953457572,121.07569163114275,tertiary,513.8244182088768,40.0,22.4,0.37,1,5,189.82562339545794,0.3183798458012425
node_96,node_1096,14.512815674749026,121.14505119622467,14.503196357705376,121.15,14.5080060162272,121.14752559811234,residential,1194.9442475334847,25.0,25.1,1.02,2,7,6506.345737562734,0.7666666666666666
node_97,node_1097,14.389442463692244,121.05288590149428,14.38275221884388,121.05891369017114,14.386097341268062,121.05589979583272,tertiary,987.3878247572973,40.0,15.2,0.05,1,5,2833.92656045195,0.17126186454237236
node_98,node_1098,14.403102655954232,120.91362507874783,14.40760632237125,120.91345022767565,14.40535448916274,120.91353765321173,secondary,501.13879300343945,40.0,4.0,0.17,1,4,2347.9286460459366,0.32654190625425206
node_99,node_1099,14.782853949047283,121.0540772424819,14.787015773760954,121.06193786287263,14.784934861404118,121.05800755267725,unclassified,963.5298461332617,30.0,12.4,0.15,1,6,5629.088061311594,0.27708333333333335
node_100,node_1100,14.758861310818423,120.91058763789505,14.76363291854757,120.90346581181662,14.761247114682996,120.90702672485583,unclassified,931.6246245638148,30.0,13.0,0.2,1,6,5504.041714017805,0.30833333333333335
node_101,node_1101,14.664868210214838,121.12103642784172,14.661211273637438,121.12861780343489,14.663039741926138,121.12482711563831,service,911.3065888527583,20.0,42.7,0.03,0,8,4498.601912251568,0.10872203824503136
node_102,node_1102,14.469641482656783,121.07739457127516,14.477441871799137,121.0693164759346,14.47354167722796,121.07335552360487,secondary,1228.315991267603,40.0,37.7,1.44,2,4,4989.675153315468,0.766460169732976
node_103,node_1103,14.786129369806476,120.94328196160563,14.788005980767045,120.93635247204672,14.78706767528676,120.93981721682619,secondary,773.6766939566032,40.0,7.9,0.18,1,4,1418.6137580726365,0.255705608494786
node_104,node_1104,14.700437906784607,120.92293025145605,14.69295843361954,120.92360705172153,14.696698170202072,120.92326865158878,residential,834.8591406971374,25.0,39.6,0.58,2,7,5769.301019065603,0.6291666666666665
node_105,node_1105,14.672600585121549,120.94588330722009,14.665474958350659,120.93723367682384,14.669037771736104,120.94155849202195,tertiary,1222.0967453821213,40.0,37.9,0.06,1,5,2123.850272089309,0.1633103387751195
node_106,node_1106,14.552212675964705,121.14500679488856,14.5560745845033,121.13606293691656,14.554143630234002,121.14053486590257,unclassified,1054.040372171015,30.0,23.4,0.44,1,6,7081.508562039051,0.45833333333333326
node_107,node_1107,14.472508702830321,121.01464016061463,14.465967581559163,121.00465053549794,14.469238142194742,121.0096453480563,tertiary,1298.406422714741,40.0,3.6,0.07,1,5,7260.111669605799,0.32308333333333333
node_108,node_1108,14.393375932969075,121.09602023708536,14.393521787000717,121.09474657027924,14.393448859984897,121.09538340368229,primary,138.13527563674484,50.0,2.4,0.11,1,3,2675.0761573546356,0.31958485648042606
node_109,node_1109,14.75617107844473,121.05910208552694,14.766006567963304,121.0645945631528,14.761088823204016,121.06184832433988,unclassified,1242.9274122839583,30.0,30.0,0.15,1,6,3161.5876501954513,0.24031508633724236
node_110,node_1110,14.555099330425126,121.04310328748967,14.545179482519792,121.03380005449527,14.550139406472459,121.03845167099247,primary,1489.7253214530256,50.0,7.7,0.27,1,3,2397.01637439464,0.3345236608212261
node_111,node_1111,14.441063514157854,120.93628256366627,14.431395110195805,120.93932771579559,14.43622931217683,120.93780513973093,primary,1123.9747840088305,50.0,42.4,1.12,2,3,3324.9248660055564,0.7331651639867778
node_112,node_1112,14.487680480867793,121.13650611338953,14.497542172506403,121.14296865973785,14.492611326687097,121.1397373865637,tertiary,1298.6589426996306,40.0,25.1,1.02,2,5,6188.0713106976,0.7666666666666666
node_113,node_1113,14.610648806023853,120.97533565812869,14.612341582706536,120.96869567510024,14.611495194365194,120.97201566661445,unclassified,738.8328260289874,30.0,4.8,0.42,1,6,4031.142060796219,0.5044561745492577
node_114,node_1114,14.429547752322653,121.0445043039519,14.422085951833024,121.03744157864833,14.425816852077839,121.04097294130011,residential,1125.5688402610276,25.0,22.6,0.53,2,7,1489.6046640152106,0.5277087599469709
node_115,node_1115,14.735476427841569,121.07494398614728,14.74342247183665,121.08216000561968,14.73944944983911,121.07855199588349,secondary,1175.935226381709,40.0,34.4,0.05,1,4,245.02058727197445,0.11948374507877282
node_116,node_1116,14.691333788425846,121.06230828881134,14.698941394428399,121.06877078101034,14.695137591427123,121.06553953491084,primary,1094.871535155164,50.0,37.5,0.13,1,3,1289.8616616429638,0.19038056656619262
node_117,node_1117,14.673758330177922,121.13514860242388,14.67448233844015,121.13592743774916,14.674120334309036,121.13553802008653,service,116.18922614954434,20.0,8.8,0.32,1,8,2996.2778138288927,0.36125888960991115
node_118,node_1118,14.544441867898797,120.93710974748002,14.546877708496012,120.94349374506591,14.545659788197405,120.94030174627297,primary,738.5721753447668,50.0,15.3,0.63,2,3,4320.514937928135,0.6468269654252294
node_119,node_1119,14.6322889783161,121.02708818461174,14.627752722146116,121.01894330616024,14.630020850231109,121.02301574538599,primary,1011.1072591736702,50.0,22.7,3.66,3,3,5095.4476969365205,0.85
node_120,node_1120,14.612844086010732,121.0010085976852,14.603854479938171,120.99889822804397,14.608349282974451,120.99995341286458,secondary,1025.0663379122634,40.0,22.7,0.05,1,4,4602.0885354364245,0.2066251040420618
node_121,node_1121,14.64243097069967,121.01854218237067,14.644322322877487,121.02329813349279,14.643376646788578,121.02092015793173,tertiary,553.1958929296934,40.0,20.6,3.66,3,5,3860.4720907652377,0.8272094418153048
node_122,node_1122,14.38799994451295,120.92980438154945,14.383895048377006,120.92495342073592,14.385947496444977,120.92737890114267,residential,693.783346757549,25.0,12.7,0.81,2,7,2431.9996115008726,0.7153066588966841
node_123,node_1123,14.537113330976775,120.9335236524682,14.540385751909982,120.93857023075687,14.538749541443378,120.93604694161253,residential,653.801025365887,25.0,15.3,0.62,2,7,4294.197879060279,0.6400506242478722
node_124,node_1124,14.36872637823785,120.96951888644531,14.375451281774703,120.96960245853313,14.372088830006277,120.96956067248922,unclassified,747.8293378482065,30.0,33.7,0.19,1,6,1138.663984402996,0.22485661302139326
node_125,node_1125,14.572295868660033,120.97617615094022,14.56265907953832,120.98118147069918,14.567477474099178,120.9786788108197,primary,1199.3392477669772,50.0,39.9,0.78,2,3,3248.0697103034727,0.7191280608727362
node_126,node_1126,14.498437545549754,121.00697580342035,14.500351821043468,121.00626939617749,14.499394683296611,121.00662259979892,secondary,226.03446199208565,40.0,4.2,0.68,2,4,4257.618844751559,0.7638190435616978
node_127,node_1127,14.41503588498972,121.05274688675917,14.409661495783457,121.0501049735636,14.412348690386589,121.05142593016139,tertiary,661.8795064086107,40.0,15.2,0.53,2,5,788.5706749430512,0.5136880801655277
node_128,node_1128,14.396531335475148,121.05865727935458,14.404009105433223,121.05304106368415,14.400270220454185,121.05584917151936,primary,1028.2259888840258,50.0,15.2,0.08,1,3,2133.8441826301623,0.17601021698593658
node_129,node_1129,14.614440057479971,121.0029527241464,14.609513347611207,120.99712031097509,14.61197670254559,121.00003651756074,secondary,833.0321056877361,40.0,22.7,0.05,1,4,4884.789534703404,0.2122791240274014
node_130,node_1130,14.4267668358416,121.00219577735719,14.428982238506308,121.00722559356862,14.427874537173953,121.0047106854629,secondary,595.0379500223726,40.0,22.0,0.31,1,4,2701.962567358881,0.3311225846805109
node_131,node_1131,14.76630405326956,120.95440713167424,14.767374870071352,120.94678533863492,14.766839461670456,120.95059623515459,primary,828.1173398676136,50.0,40.0,0.18,1,3,1901.225927612502,0.23385785188558333
node_132,node_1132,14.611477512865179,121.04707656210226,14.609400842866364,121.03879620910448,14.610439177865771,121.04293638560337,tertiary,920.3972007876026,40.0,17.8,0.59,2,5,3672.1218265283223,0.6088591031972331
node_133,node_1133,14.506091412040677,120.97926022782931,14.509643827312672,120.97278605512976,14.507867619676674,120.97602314147954,unclassified,801.098471042587,30.0,4.2,0.04,0,6,3592.1428061298043,0.1838428561225961
node_134,node_1134,14.615911971166637,120.90901495856934,14.620427363860946,120.90252188879842,14.618169667513792,120.90576842368388,trunk,860.3311803176551,60.0,35.2,0.75,2,2,337.88299297217094,0.6421743265261101
node_135,node_1135,14.360261741963363,121.00460001103922,14.36160049786975,121.01106216349535,14.360931119916557,121.00783108726728,tertiary,711.8447206338053,40.0,10.8,0.19,1,5,3387.0474244180136,0.2698242818216936
node_136,node_1136,14.781351645958651,121.01853316877255,14.786520090702346,121.01650330124204,14.783935868330499,121.01751823500729,residential,614.7469571991874,25.0,35.2,0.46,1,7,6981.772954776603,0.4708333333333333
node_137,node_1137,14.567036546624305,120.95639821705106,14.576704888144164,120.96620598619828,14.571870717384234,120.96130210162467,unclassified,1506.599840323237,30.0,39.9,0.78,2,6,2599.351668442956,0.7061537000355258
node_138,node_1138,14.702230852262629,121.04311448328053,14.700616300020645,121.03585870843635,14.701423576141636,121.03948659585845,residential,800.7760310236811,25.0,34.0,0.06,1,7,4164.636180163419,0.2041260569366017
node_139,node_1139,14.387228499965097,121.04144297510798,14.387520161002808,121.04451377162185,14.387374330483953,121.04297837336492,secondary,332.33440236655224,40.0,15.2,0.08,1,4,1618.6401755069762,0.16570613684347285
node_140,node_1140,14.568996248877172,121.07550054527759,14.559245646435995,121.07447513542162,14.564120947656583,121.0749878403496,residential,1089.8193441653007,25.0,19.0,0.82,2,7,2669.8752902831925,0.7200641724723305
node_141,node_1141,14.570818147459535,121.06198712055031,14.576738718585743,121.05984548408425,14.573778433022639,121.06091630231728,primary,697.5154511112062,50.0,19.0,0.28,1,3,2055.7192913993713,0.2994477191613208
node_142,node_1142,14.772021904738743,121.06310826413026,14.772426506079663,121.07060994811134,14.772224205409202,121.0668591061208,secondary,807.83190734675,40.0,38.4,0.15,1,4,3949.532875067075,0.2560739908346748
node_143,node_1143,14.607277623569233,120.97905353795602,14.605436852176444,120.98856545087258,14.606357237872839,120.9838094944143,primary,1043.7599877902185,50.0,4.8,0.05,1,3,4788.350412879276,0.2883503415909189
node_144,node_1144,14.56307023047563,121.0968580554965,14.554951669737417,121.10431523467199,14.559010950106522,121.10058664508423,tertiary,1207.9196643375114,40.0,23.4,0.87,2,5,4383.470000951386,0.7543360666856944
node_145,node_1145,14.470139048391353,121.03728609589993,14.477932176824861,121.03113210948064,14.474035612608107,121.03420910269028,secondary,1090.836059558565,40.0,8.6,0.82,2,4,6418.716554796778,0.7876666666666666
node_146,node_1146,14.49920604880415,121.00785454879498,14.49710619360496,121.00227050721917,14.498156121204556,121.00506252800707,primary,644.8982175792206,50.0,4.2,0.68,2,3,4455.678715261725,0.7677802409719011
node_147,node_1147,14.584302581112192,121.05650312023528,14.587954213076376,121.05962459781718,14.586128397094285,121.05806385902622,residential,526.975845294846,25.0,11.6,0.28,1,7,1626.7833920058563,0.2908690011734505
node_148,node_1148,14.547510157137271,120.99016433361257,14.540497640264634,120.98594600524534,14.544003898700954,120.98805516942895,secondary,902.3077802164796,40.0,11.7,0.97,2,4,644.2797068542943,0.6795522608037525
node_149,node_1149,14.359725435946148,121.02818481115169,14.368956428536968,121.0328793137673,14.364340932241557,121.03053206245949,secondary,1144.244856941754,40.0,10.8,0.05,1,4,3734.343584049422,0.1892702050143218
node_150,node_1150,14.72183136588746,121.08417642212056,14.715400201123897,121.08550483513676,14.71861578350568,121.08484062862865,primary,729.2441563921363,50.0,13.8,0.05,1,3,1074.6808847104992,0.1360769510275433
node_151,node_1151,14.753272347327895,121.12160072168093,14.747263187185885,121.12261889705074,14.75026776725689,121.12210980936584,secondary,677.0984443574665,40.0,19.3,0.0,0,4,3733.076042936049,0.07466152085872098
node_152,node_1152,14.413112090049374,121.1302642993238,14.420291747260528,121.13683523782058,14.416701918654951,121.13354976857218,secondary,1066.824060827267,40.0,13.4,0.19,1,4,5455.429692942096,0.30208333333333337
node_153,node_1153,14.599316264592572,121.02590823129579,14.607567919475411,121.03011888673065,14.60344209203399,121.02801355901322,secondary,1023.3098564979247,40.0,22.7,0.19,1,4,2666.7579519963133,0.2554184923732596
node_154,node_1154,14.39885908351095,121.03006877868515,14.393102031661416,121.0206003339851,14.395980557586181,121.02533455633512,primary,1204.0591975454722,50.0,24.8,0.53,2,3,806.1626258019808,0.5140399191827063
node_155,node_1155,14.652508041867916,121.09996760269097,14.651904059631413,121.09095678543389,14.652206050749665,121.09546219406243,residential,971.6962918785598,25.0,10.2,0.13,1,7,2897.472029738362,0.22253277392810059
node_156,node_1156,14.476555202727553,120.97861267293605,14.48122510081881,120.98064384198517,14.478890151773182,120.9796282574606,residential,563.4379244805253,25.0,43.8,0.52,2,7,6703.973747714298,0.5916666666666667
node_157,node_1157,14.646740185611357,121.10934559058627,14.654307500287572,121.10906943209872,14.650523842949465,121.1092075113425,tertiary,841.9713059627439,40.0,22.0,0.03,0,5,3972.1284315299263,0.09819256863059853
node_158,node_1158,14.677147576429098,121.02353541162937,14.674728630329843,121.01873910473623,14.67593810337947,121.02113725818279,tertiary,581.8296645221567,40.0,31.4,1.93,3,5,3146.491890303865,0.8129298378060773
node_159,node_1159,14.695891371362945,120.92896418108383,14.696231761099934,120.92733730283013,14.696061566231439,120.92815074195698,residential,179.02921915842353,25.0,39.6,0.58,2,7,5456.336355930231,0.6291666666666665
node_160,node_1160,14.398483425680153,120.91801478676824,14.403317753890548,120.9231729931429,14.400900589785351,120.92059388995557,service,773.0411805264379,20.0,4.0,0.17,1,8,1699.8643397265723,0.31358062012786475
node_161,node_1161,14.762205330311923,121.11049830275986,14.76682804984498,121.11703053245303,14.764516690078452,121.11376441760645,tertiary,870.36774433069,40.0,19.3,0.02,0,5,4511.996577923848,0.10273993155847697
node_162,node_1162,14.453596295902697,120.91389197922672,14.459255498503218,120.91511644058453,14.456425897202958,120.91450420990563,residential,642.9378740904045,25.0,19.8,0.06,1,7,5994.296105312626,0.22083333333333333
node_163,node_1163,14.366835650279281,120.97015285903342,14.36823432665211,120.96786024865057,14.367534988465696,120.969006553842,residential,291.84636015174203,25.0,33.7,0.19,1,7,1407.8174712676614,0.23023968275868656
node_164,node_1164,14.599683611226167,120.98353251012539,14.591775913162262,120.97894644535529,14.595729762194214,120.98123947774033,residential,1008.3123362385946,25.0,4.8,0.42,1,7,4140.066969285698,0.5066346727190473
node_165,node_1165,14.516915027738097,120.9432486112979,14.524994493555658,120.9436869807133,14.520954760646877,120.94346779600559,tertiary,899.633990725772,40.0,15.3,0.06,1,5,4911.221170671936,0.21905775674677205
node_166,node_1166,14.723405384409586,120.9784733424505,14.730716835196008,120.97476833482179,14.727061109802797,120.97662083863614,trunk,905.3840229494941,60.0,30.5,0.25,1,2,2757.646648828323,0.2947362663098998
node_167,node_1167,14.713713162428936,121.08567314168128,14.719675111145303,121.08695504442223,14.716694136787119,121.08631409305175,motorway,677.121927413487,80.0,13.8,0.05,1,1,1177.1882222426955,0.13812709777818724
node_168,node_1168,14.492712501770223,120.90367071089003,14.484709751313437,120.90720375854022,14.48871112654183,120.90543723471512,tertiary,967.7479620656418,40.0,9.9,0.23,1,5,8034.431876212621,0.32858333333333334
node_169,node_1169,14.778804727781386,121.10679335613018,14.772892675123014,121.09811494034857,14.775848701452201,121.10245414823937,tertiary,1141.4062985662097,40.0,38.4,0.52,2,5,4675.023827493869,0.5851671432165441
node_170,node_1170,14.480913027163053,121.11413700589364,14.485785034465206,121.10415835519409,14.483349030814129,121.10914768054386,secondary,1203.1767447675052,40.0,3.4,1.26,2,4,4324.038207447922,0.852147430815625
node_171,node_1171,14.581775708154272,120.9930653932979,14.57223851004591,120.9873109360747,14.57700710910009,120.9901881646863,tertiary,1228.0591861982402,40.0,39.9,0.87,2,5,4267.1761784799955,0.7520101902362666
node_172,node_1172,14.46518429075542,120.93840322476517,14.474768783429566,120.94629345471954,14.469976537092492,120.94234833974235,tertiary,1362.903330882918,40.0,41.9,0.01,0,5,7107.095949473569,0.10625000000000001
node_173,node_1173,14.771219606522035,121.05021010198628,14.768762500129148,121.05313591725086,14.76999105332559,121.05167300961857,residential,416.66790865880574,25.0,30.0,0.15,1,7,4628.049505706627,0.26964432344746586
node_174,node_1174,14.424073517911909,120.92991813896623,14.428459768585725,120.92335734600498,14.426266643248816,120.92663774248561,primary,858.519581284768,50.0,26.8,1.12,2,3,2395.8133847756794,0.7145829343621802
node_175,node_1175,14.370209778726547,120.99122984026957,14.377961200496308,120.99903511950605,14.374085489611428,120.99513247988781,primary,1204.0533599121115,50.0,4.0,0.45,1,3,1654.807216690006,0.4876794776671335
node_176,node_1176,14.545793677001367,121.13960729522525,14.543686274764369,121.13900641403099,14.544739975882868,121.13930685462812,residential,243.09333871678717,25.0,43.2,0.44,1,7,6398.176267550139,0.45833333333333326
node_177,node_1177,14.796569003825127,121.14886611814592,14.79295165359712,121.1483879532795,14.794760328711124,121.1486270357127,residential,405.50268484865654,25.0,13.6,2.59,3,7,7419.486678054176,0.85
node_178,node_1178,14.751254769814713,121.09302622283865,14.753429592392678,121.1017370617155,14.752342181103696,121.09738164227707,service,967.3857526681786,20.0,19.3,0.04,0,8,2290.7013769612804,0.07081402753922561
node_179,node_1179,14.686873608755628,120.9777403774802,14.688493396230589,120.96893011132387,14.687683502493108,120.97333524440204,residential,964.6084341750192,25.0,27.3,0.58,2,7,2188.306852788339,0.5729328037224334
node_180,node_1180,14.750856620895338,121.07191626229152,14.749039420447833,121.0662198277841,14.749948020671585,121.06906804503781,residential,645.0087926733529,25.0,29.0,0.04,0,7,1726.7881839259296,0.059535763678518594
node_181,node_1181,14.752050987864038,121.07635159137101,14.754086482981393,121.0780670178741,14.753068735422715,121.07720930462256,secondary,291.98143622376637,40.0,29.0,0.04,0,4,1571.6847984081003,0.056433695968162
node_182,node_1182,14.583486262173903,120.99696042379092,14.592193889565232,120.99087015398257,14.587840075869568,120.99391528888674,secondary,1169.1936455052976,40.0,4.8,0.9,2,4,4065.340488013358,0.8259734764269338
node_183,node_1183,14.492168073323857,121.06022215864654,14.491520878456388,121.06381269883072,14.491844475890122,121.06201742873863,secondary,393.1889303128896,40.0,37.7,0.18,1,4,3870.167125649149,0.2732366758463163
node_184,node_1184,14.697405594449945,120.90268191124393,14.691340438064957,120.9,14.694373016257451,120.90134095562198,tertiary,733.5154331123067,40.0,43.8,0.58,2,5,7087.69087239871,0.6291666666666665
node_185,node_1185,14.647747568425492,120.95226441465057,14.645291688083152,120.94424755406254,14.646519628254321,120.94825598435656,residential,904.6666085481169,25.0,37.9,0.14,1,7,668.4842634928336,0.18420301860319002
node_186,node_1186,14.51814597799317,121.03127207574182,14.516028117645032,121.02541177893464,14.5170870478191,121.02834192733823,secondary,673.3536416520666,40.0,38.5,0.84,2,4,1926.654523669595,0.7051997571400586
node_187,node_1187,14.392510000627682,120.94093782606458,14.385132174488207,120.93939250675002,14.388821087557945,120.9401651664073,tertiary,837.0907704398197,40.0,12.7,1.12,2,5,2026.1268825555544,0.7071892043177778
node_188,node_1188,14.686055325107063,120.94147671696913,14.679312755118154,120.93499948295259,14.682684040112608,120.93823809996087,secondary,1023.485411214501,40.0,27.6,1.31,2,4,3655.4592389476747,0.7397758514456201
node_189,node_1189,14.46810723216529,121.10907607263756,14.471798473633163,121.10176991313602,14.469952852899226,121.10542299288679,primary,887.2797134556183,50.0,32.6,1.26,2,3,5487.463711762253,0.7666666666666666
node_190,node_1190,14.771565917740201,121.14728325067091,14.768355472824378,121.15,14.76996069528229,121.14864162533546,primary,461.2644062012985,50.0,13.6,2.59,3,3,4662.02873820563,0.8432405747641126
node_191,node_1191,14.458436758752558,121.03899235700712,14.467534726589674,121.03540030107906,14.462985742671115,121.0371963290431,trunk,1083.0582123140375,60.0,8.6,0.82,2,2,5152.012285991408,0.7876666666666666
node_192,node_1192,14.405241069585168,121.10976743272043,14.40011300449234,121.1069826064508,14.402677037038753,121.10837501958562,residential,644.2831871596743,25.0,13.8,0.32,1,7,3533.5057742011877,0.35400344881735707
node_193,node_1193,14.724000702456209,121.14758041608157,14.715979192558306,121.13868582427159,14.719989947507258,121.14313312017657,secondary,1307.9021521208383,40.0,13.6,0.36,1,4,558.3387524548203,0.3195001083824297
node_194,node_1194,14.418977942481023,120.9353989721422,14.424048033741029,120.93254636461224,14.421512988111026,120.93397266837721,residential,642.0335078350071,25.0,26.8,1.12,2,7,1683.8485001666202,0.700343636669999
node_195,node_1195,14.430670738670983,121.0120614033136,14.43829145970934,121.00735754686002,14.434481099190162,121.00970947508681,unclassified,987.2381122391381,30.0,22.0,0.31,1,6,3396.0364046451955,0.3450040614262372
node_196,node_1196,14.61972225618438,120.99814317896049,14.61528452332181,121.00035288030733,14.617503389753095,120.99924802963392,primary,547.7439751920892,50.0,22.7,0.05,1,3,5406.522020837411,0.21458333333333335
node_197,node_1197,14.74355291837686,120.92001232091155,14.737594680409769,120.914120126865,14.740573799393314,120.91706622388827,primary,916.7404331119984,50.0,39.0,0.29,1,3,6141.35114397326,0.36458333333333326
node_198,node_1198,14.438395599571558,121.08883254319869,14.432110922268981,121.09659985225994,14.43525326092027,121.09271619772932,residential,1089.9319633899836,25.0,11.2,0.23,1,7,4627.841662548376,0.31964016658430083
node_199,node_1199,14.489645652805043,121.00844475683066,14.490085898832373,121.01703808924904,14.489865775818707,121.01274142303984,secondary,926.4354797074312,40.0,3.6,0.07,1,4,5036.059102763136,0.32308333333333333
node_200,node_1200,14.699832177208531,121.0173317335476,14.699200510033467,121.00932835469115,14.699516343621,121.01333004411939,residential,863.6682676111672,25.0,34.0,0.65,2,7,2360.0217467002913,0.6201171016006725
node_201,node_1201,14.787321891727435,120.93766824345332,14.782510688524527,120.92981630257908,14.784916290125981,120.93374227301621,primary,999.429329348139,50.0,7.9,0.18,1,3,2028.908938111307,0.26791151209555947
node_202,node_1202,14.575333533791055,120.94523166305773,14.566236996130844,120.93753819181994,14.57078526496095,120.94138492743883,unclassified,1307.1452806587977,30.0,3.8,0.89,2,6,1909.825260115737,0.7978631718689814
node_203,node_1203,14.414753876148062,121.12677590553906,14.414383702954588,121.12916729066526,14.414568789551325,121.12797159810216,residential,260.8076058189264,25.0,13.4,0.19,1,7,5076.252425968911,0.30208333333333337
node_204,node_1204,14.35627132946869,120.91116227224357,14.365457976421402,120.90360165152777,14.360864652945047,120.90738196188568,primary,1306.4382479438402,50.0,12.7,0.58,2,3,5891.908014168858,0.6291666666666665
node_205,node_1205,14.453345213499485,120.95821307123593,14.456395597514538,120.96526071759453,14.454870405507013,120.96173689441522,secondary,831.2095956367552,40.0,19.2,0.23,1,4,6092.3357003222,0.3270833333333333
node_206,node_1206,14.409319998003934,120.97301483257864,14.409230129136507,120.9781002628774,14.40927506357022,120.97555754772802,service,547.7770270558018,20.0,6.9,0.27,1,8,3658.2703144466636,0.3717487396222666
node_207,node_1207,14.654946403125786,121.0225493856004,14.647160244606377,121.02894556276516,14.651053323866082,121.02574747418278,secondary,1105.917742911933,40.0,20.6,3.66,3,4,3825.7725546552465,0.826515451093105
node_208,node_1208,14.404824627082839,121.0466112932537,14.399873352893831,121.04713250379143,14.402348989988335,121.04687189852257,secondary,553.410903827266,40.0,15.2,0.53,2,4,1619.7950280612333,0.5303125672278913
node_209,node_1209,14.577848469229284,121.02332249396267,14.573743948220775,121.03325603819304,14.57579620872503,121.02828926607785,secondary,1162.3619427171138,40.0,7.7,0.6,2,4,497.69201676006327,0.5861205070018679
node_210,node_1210,14.6624180960393,120.92102883363923,14.667714167091445,120.9119123356981,14.665066131565371,120.91647058466867,secondary,1143.9143020651295,40.0,7.0,0.0,0,4,3948.728412719367,0.12397456825438735
node_211,node_1211,14.611502474149406,120.96091686351393,14.619036690094697,120.95894216279765,14.615269582122052,120.9599295131558,residential,864.2899116727958,25.0,4.8,0.42,1,7,3519.432285844068,0.49422197905021464
node_212,node_1212,14.439899043247026,121.11089709619064,14.447931880318356,121.10737582956939,14.44391546178269,121.10913646288002,residential,970.3587512120398,25.0,36.0,0.23,1,7,6633.659286162569,0.3270833333333333
node_213,node_1213,14.711856036782018,121.05939717511961,14.721547408947034,121.06837008509386,14.716701722864526,121.06388363010674,secondary,1446.5592073329683,40.0,20.0,0.06,1,4,1256.220509047707,0.14595774351428747
node_214,node_1214,14.671933208327111,121.06228726253357,14.681580541989202,121.06382448170352,14.676756875158157,121.06305587211855,residential,1085.4037252809935,25.0,21.3,0.13,1,7,2432.3812760913806,0.21323095885516094
node_215,node_1215,14.682542801761993,121.06755081383784,14.691602784417354,121.07367463314674,14.687072793089673,121.07061272349229,primary,1203.6499476934175,50.0,37.5,0.13,1,3,1035.1966926785956,0.18528726718690525
node_216,node_1216,14.40897598820079,121.09072575475989,14.400412431010848,121.08413257863306,14.404694209605818,121.08742916669647,motorway,1187.831936112621,80.0,34.4,0.32,1,1,4042.6378048768547,0.36418608943087044
node_217,node_1217,14.405689211642654,120.91452712043036,14.39844508236121,120.92409980330838,14.402067147001933,120.91931346186936,tertiary,1308.3474853219816,40.0,4.0,0.17,1,5,1789.7303414948476,0.31537794016323023
node_218,node_1218,14.76740314795293,120.99165209623315,14.763492478482451,120.99162488717067,14.76544781321769,120.9916384917019,service,434.8564463405067,20.0,41.0,2.02,3,8,4670.514020083617,0.8434102804016723
node_219,node_1219,14.528910187221223,121.03488185881542,14.529968152302512,121.03475530034083,14.529439169761869,121.03481857957813,motorway,118.42646285298797,80.0,44.7,0.01,0,1,1278.5869026559667,0.03182173805311934
node_220,node_1220,14.485426911301422,120.98461412082433,14.477366469075532,120.99403181539525,14.481396690188477,120.98932296810979,primary,1353.2814425422987,50.0,3.6,0.52,2,3,6414.795599952128,0.6876666666666666
node_221,node_1221,14.56986282040819,121.1111197183218,14.576778759564233,121.10873436554614,14.573320789986212,121.10992704193397,tertiary,810.7313752906194,40.0,23.4,0.87,2,5,4191.021381134585,0.7504870942893583
node_222,node_1222,14.648288895743612,121.02064312714683,14.650624019325157,121.01859362763793,14.649456457534384,121.01961837739238,residential,340.63757129187434,25.0,27.3,0.17,1,7,3339.6610978179374,0.25637655528969205
node_223,node_1223,14.780030465671137,121.09215689736484,14.780877753717181,121.09385195142094,14.780454109694158,121.09300442439289,trunk,205.1570509106131,60.0,38.4,0.52,2,2,4751.734927354939,0.5867013652137655
node_224,node_1224,14.478900802096925,121.1130038792203,14.472207028564272,121.10556493143126,14.475553915330599,121.10928440532578,secondary,1093.373795560825,40.0,32.6,1.26,2,4,5084.565687737151,0.7666666666666666
node_225,node_1225,14.766163793190414,121.02619787072588,14.761228902678418,121.02261958325411,14.763696347934417,121.02440872699,unclassified,670.1815711322606,30.0,31.2,0.43,1,6,6642.375119242402,0.4520833333333333
node_226,node_1226,14.361186771123815,121.12738806096785,14.354393011623461,121.12125222741675,14.357789891373638,121.1243201441923,secondary,1003.7677215827056,40.0,25.7,0.33,1,4,1475.443939156781,0.31909221211646893
node_227,node_1227,14.599839119047072,121.04678098513425,14.606877782202968,121.0388466547164,14.60335845062502,121.04281381992533,primary,1158.214444467334,50.0,17.8,0.19,1,3,2944.59310393611,0.26097519541205555
node_228,node_1228,14.635288800256488,121.11256857470843,14.636973357457713,121.11989146683506,14.636131078857101,121.11623002077175,primary,809.8068178575126,50.0,15.7,0.03,0,3,3916.4167880406685,0.09707833576081339
node_229,node_1229,14.397653831687839,120.98514769889789,14.402356420238231,120.98693432222043,14.400005125963034,120.98604101055916,secondary,557.1847391711781,40.0,44.3,0.45,1,4,2519.360382112592,0.41497054097558517
node_230,node_1230,14.41315281867876,121.02470423963288,14.40907347593696,121.02187769546344,14.41111314730786,121.02329096754816,tertiary,546.2775729362224,40.0,19.7,0.53,2,5,1725.8689386790766,0.5324340454402482
node_231,node_1231,14.538601443692336,121.03285276025115,14.536026496434102,121.03102614779849,14.53731397006322,121.03193945402481,residential,347.32434873360586,25.0,44.7,1.1,2,7,951.3532849550055,0.6856937323657667
node_232,node_1232,14.784804360464433,120.92624492897403,14.782901459752964,120.92487530904778,14.783852910108699,120.9255601190109,tertiary,257.7887484408059,40.0,7.9,0.18,1,5,2905.0090292640384,0.28543351391861405
node_233,node_1233,14.618219148955468,120.99963812667539,14.623419448390349,121.00230111031829,14.62081929867291,121.00096961849684,unclassified,645.3402625416431,30.0,22.7,0.05,1,6,5088.118323482843,0.21458333333333335
node_234,node_1234,14.769860449720095,121.12933441813793,14.775307509473587,121.13786980596771,14.772583979596842,121.13360211205281,service,1099.574896430323,20.0,13.6,2.59,3,8,5193.676081644397,0.85
node_235,node_1235,14.711962412025837,121.05770806009119,14.706098682576117,121.06636365248433,14.709030547300976,121.06203585628776,secondary,1136.543357495,40.0,37.5,0.06,1,4,1602.280860544672,0.15287895054422676
node_236,node_1236,14.560321720699882,120.94437664560925,14.569152497834644,120.94220648519986,14.564737109267263,120.94329156540456,secondary,1009.3314269756914,40.0,3.8,0.89,2,4,2567.0934289789484,0.8110085352462456
node_237,node_1237,14.703143552163485,120.9847139089024,14.69555665891236,120.98129915809436,14.699350105537922,120.98300653349838,residential,920.104793473309,25.0,27.3,0.58,2,7,1487.537265887936,0.5589174119844252
node_238,node_1238,14.358026552789644,120.94790075241568,14.365948994438117,120.94692168241939,14.36198777361388,120.94741121741754,primary,887.2259911957532,50.0,33.7,1.87,3,3,3762.5248328375865,0.8252504966567518
node_239,node_1239,14.39911479854458,120.90620578294966,14.391122711457577,120.90756446755823,14.395118755001079,120.90688512525395,unclassified,900.6472298906629,30.0,4.0,0.17,1,6,3309.544493898074,0.3457742232112948
node_240,node_1240,14.723242876697231,121.13186511462601,14.718533672920257,121.13110147285501,14.720888274808743,121.1314832937405,residential,530.0406118905979,25.0,39.1,0.36,1,7,1467.1456176072531,0.3376762456854784
node_241,node_1241,14.708567689746323,121.01205183206423,14.715497260467682,121.01522690026056,14.712032475107002,121.0136393661624,trunk,842.8092668495336,60.0,37.5,0.65,2,2,2224.2152895688237,0.6174009724580432
node_242,node_1242,14.454688333884896,120.9768837681052,14.448278175331817,120.9779717485728,14.451483254608355,120.97742775833899,tertiary,722.3401904660601,40.0,9.4,0.23,1,5,6289.415670805121,0.3360833333333333
node_243,node_1243,14.588846315769574,121.04961929788944,14.587117674395774,121.04603360882332,14.587981995082675,121.04782645335638,primary,431.082973230814,50.0,11.6,0.28,1,3,2063.0553830129325,0.299594440993592
node_244,node_1244,14.622707119315006,120.90182861407325,14.621704305313889,120.9,14.622205712314447,120.90091430703663,primary,226.14897398489333,50.0,35.2,1.31,2,3,994.3642798804286,0.6865539522642752
node_245,node_1245,14.740482529199205,120.96950552665021,14.735387708659669,120.9670773824014,14.737935118929437,120.9682914545258,tertiary,623.7976716548959,40.0,41.6,0.49,1,5,4259.877974305692,0.47478089281944713
node_246,node_1246,14.621398220802426,121.07575836642472,14.625603124829146,121.06765116178971,14.623500672815787,121.07170476410721,secondary,989.6886476290963,40.0,22.4,0.37,1,4,1232.0651097097007,0.33922463552752735
node_247,node_1247,14.535657206173155,121.05844244326732,14.542683899161199,121.05176369591561,14.539170552667176,121.05510306959147,residential,1061.7161676946653,25.0,23.3,0.01,0,7,3415.04794394337,0.0745509588788674
node_248,node_1248,14.518382819533231,121.14545148688563,14.525874322330344,121.14991376292853,14.522128570931788,121.14768262490708,residential,961.5790491156836,25.0,43.2,0.18,1,7,6492.020256155344,0.2958333333333333
node_249,node_1249,14.54164693886808,121.05508942741452,14.538433381782811,121.05287136164496,14.540040160325447,121.05398039452973,residential,429.7460510524867,25.0,23.3,0.01,0,7,3314.7769206052867,0.07254553841210575
node_250,node_1250,14.643368961510989,121.01937646840693,14.643985969396745,121.01366724785814,14.643677465453866,121.01652185813253,secondary,618.0347074601154,40.0,22.7,0.17,1,4,3491.718528993909,0.2594177039132115
node_251,node_1251,14.740370784288547,121.09035814079601,14.73533891236586,121.09161158900751,14.737854848327203,121.09098486490177,secondary,575.5257259295847,40.0,21.5,0.04,0,4,1105.100660313681,0.04710201320627362
node_252,node_1252,14.554253596934336,121.12583196799102,14.549149526965339,121.13094275884049,14.551701561949837,121.12838736341575,secondary,790.3667002141199,40.0,23.4,0.44,1,4,5896.14767891394,0.45833333333333326
node_253,node_1253,14.461527803328112,121.0801739866796,14.454752884585151,121.0753224339265,14.458140343956632,121.07774821030304,primary,916.7334927654767,50.0,24.5,0.23,1,3,5075.8846256030965,0.3270833333333333
node_254,node_1254,14.456498063348912,121.14080280588735,14.465298443565063,121.14733860352582,14.460898253456987,121.14407070470659,residential,1205.321950745512,25.0,22.0,1.13,2,7,8642.371157305513,0.7666666666666666
node_255,node_1255,14.685706426109551,121.09550129268455,14.693466202681662,121.10405138987704,14.689586314395607,121.0997763412808,secondary,1261.0574009590998,40.0,41.0,0.36,1,4,2445.3260495338104,0.3572398543240095
node_256,node_1256,14.71745594354076,121.11670035956548,14.723003117807313,121.11864825014696,14.720229530674036,121.11767430485622,primary,651.4204308271106,50.0,39.1,0.61,2,3,2857.7681207536943,0.6050720290817405
node_257,node_1257,14.397375135934356,120.92852601779592,14.397728366360111,120.93190497097575,14.397551751147233,120.93021549438583,residential,366.03586271508743,25.0,12.7,1.12,2,7,1129.0160492835919,0.6892469876523385
node_258,node_1258,14.37995148562983,121.08310337574845,14.379763643940068,121.07415489555491,14.379857564784949,121.07862913565168,secondary,964.0782612203589,40.0,2.4,0.28,1,4,2961.9554554791157,0.43157244244291565
node_259,node_1259,14.617495148690404,121.01002217488185,14.618090062014053,121.0189325727023,14.617792605352228,121.01447737379208,motorway,960.9994646615869,80.0,22.7,0.05,1,1,4592.1757661811525,0.20642684865695637
node_260,node_1260,14.415777959886714,121.03827595060282,14.416509320158257,121.03612564528812,14.416143640022486,121.03720079794547,primary,245.43885291751386,50.0,15.2,0.53,2,3,1740.620642064427,0.5327290795079552
node_261,node_1261,14.721098885705354,121.06352560237059,14.719790147399308,121.0720036103815,14.72044451655233,121.06776460637604,tertiary,923.3093982772214,40.0,20.0,0.05,1,5,1009.287564795541,0.13476908462924414
node_262,node_1262,14.489650603265833,121.14245377917639,14.482285699923674,121.1440333296714,14.485968151594754,121.14324355442389,residential,836.4095868013166,25.0,25.1,1.02,2,7,6862.1813691098105,0.7666666666666666
node_263,node_1263,14.414742369837015,121.14614452035791,14.407255646894386,121.13623689633478,14.4109990083657,121.14119070834634,primary,1353.3478833868871,50.0,13.4,0.19,1,3,5185.253022572801,0.30208333333333337
node_264,node_1264,14.764436712619354,120.97205706137198,14.773481706936268,120.96282790135845,14.768959209777812,120.96744248136523,residential,1412.8935445133209,25.0,22.0,2.52,3,7,2299.493488048356,0.7959898697609671
node_265,node_1265,14.424489275230876,121.08343837435949,14.424129890422602,121.0870467504729,14.424309582826739,121.0852425624162,residential,390.6346822338673,25.0,34.4,0.32,1,7,3513.1082398947437,0.3535954981312282
node_266,node_1266,14.478124037052071,121.08749588448383,14.487188147550174,121.08874924476046,14.482656092301124,121.08812256462215,residential,1016.8759980295387,25.0,32.6,0.49,1,7,3732.135852112919,0.46422605037559167
node_267,node_1267,14.419126027836427,120.98662321532827,14.412397565390629,120.97715386407239,14.415761796613527,120.98188853970032,primary,1264.8061268902848,50.0,44.0,0.25,1,3,3209.34224880367,0.3037701783094067
node_268,node_1268,14.401970528649409,120.93096744371606,14.403058859690208,120.9358366429405,14.40251469416981,120.93340204332827,trunk,538.1964881616132,60.0,12.7,1.12,2,2,480.9710503926508,0.6762860876745197
node_269,node_1269,14.359516607351397,120.91023674007144,14.353670952418428,120.91727964681283,14.356593779884912,120.91375819344213,residential,999.0512632018595,25.0,12.7,0.58,2,7,6007.642591762871,0.6291666666666665
node_270,node_1270,14.374927934123917,121.09433578188231,14.369991626246449,121.09426413153109,14.372459780185183,121.09429995670669,secondary,548.9466484633887,40.0,25.7,0.28,1,4,1119.8597701963904,0.2807305287372612
node_271,node_1271,14.428588661921134,121.02242493545423,14.419189753496358,121.02174008426137,14.423889207708747,121.0220825098578,tertiary,1047.7099615477312,40.0,19.7,0.53,2,5,2622.8868609026126,0.5503744038847189
node_272,node_1272,14.37402186968223,121.14638504237374,14.366400935897033,121.13649450455043,14.370211402789632,121.14143977346208,residential,1361.290412591317,25.0,25.5,1.16,2,7,2463.5565324170766,0.7159377973150082
node_273,node_1273,14.616014717249938,121.01624336404842,14.624351685402521,121.02197635829829,14.62018320132623,121.01910986117335,primary,1113.4952456581134,50.0,22.7,3.66,3,3,4682.112738606345,0.843642254772127
node_274,node_1274,14.656321537059778,121.14447924476846,14.652752196889425,121.14109356610338,14.654536866974603,121.14278640543591,residential,538.6856733911741,25.0,42.7,0.03,0,7,5141.5555978932325,0.11875000000000001
node_275,node_1275,14.527133705574412,121.00289400054852,14.529296289812704,121.01046927294418,14.528214997693558,121.00668163674635,residential,850.1166786040585,25.0,38.5,0.41,1,7,1951.9752857812923,0.37862283904895916
node_276,node_1276,14.493095993628422,121.09842053764,14.492396276268208,121.09588174939115,14.492746134948316,121.09715114351557,unclassified,284.1760282199584,30.0,12.1,1.13,2,6,2801.868391820887,0.7227040345030844
node_277,node_1277,14.577036806660004,120.92120481807797,14.57504583156491,120.92250637629058,14.576041319112457,120.92185559718428,secondary,261.9754011420696,40.0,3.8,0.97,2,4,2601.5419901769965,0.8116975064702066
node_278,node_1278,14.743752224005574,121.03886542753445,14.744389945832495,121.03427226329843,14.744071084919035,121.03656884541644,residential,498.9835441509362,25.0,33.5,1.77,3,7,4788.085908342437,0.8457617181668488
node_279,node_1279,14.733009232069993,121.10051494674644,14.7267540109623,121.09372671299815,14.729881621516146,121.0971208298723,tertiary,1008.3170335675322,40.0,21.5,0.61,2,5,2045.3953939882538,0.5888245745464317
node_280,node_1280,14.369563777905755,121.13117541680498,14.379335855876146,121.1366735748726,14.374449816890952,121.13392449583878,unclassified,1237.515761567543,30.0,25.5,1.47,2,6,1731.4869919377013,0.7012964065054207
node_281,node_1281,14.431674284318436,121.10564577265437,14.438040441692515,121.10557758223129,14.434857363005476,121.10561167744282,residential,707.9224869301657,25.0,16.6,0.23,1,7,5920.986745782049,0.3270833333333333
node_282,node_1282,14.456535191996979,120.9092426818003,14.461367484651609,120.90997244027534,14.458951338324294,120.90960756103782,unclassified,543.0412208381643,30.0,19.8,0.06,1,6,6463.271074508078,0.22083333333333333
node_283,node_1283,14.462224409124495,120.99317558532668,14.461599595064774,121.00248390439631,14.461912002094635,120.99782974486149,secondary,1004.6466955246572,40.0,20.9,0.07,1,4,6558.331250786968,0.22708333333333333
node_284,node_1284,14.607054693284248,120.91217461807847,14.600112235726774,120.9214462163229,14.603583464505512,120.91681041720068,primary,1261.4409320093682,50.0,19.9,0.55,2,3,1781.7485147908678,0.5460516369624839
node_285,node_1285,14.537318091566437,120.92732057277864,14.545731408731909,120.9344334152127,14.541524750149172,120.93087699399567,primary,1208.8426979153762,50.0,37.7,0.62,2,3,3662.076588169107,0.6274081984300487
node_286,node_1286,14.372164353967417,121.06882640716688,14.368992095315052,121.06257859302218,14.370578224641235,121.06570250009453,tertiary,759.8272319911783,40.0,15.2,0.05,1,5,4190.5741998463145,0.19839481733025963
node_287,node_1287,14.518126362306807,121.07831454907793,14.509128496100747,121.08020000296396,14.513627429203776,121.07925727602094,tertiary,1020.8957730259738,40.0,22.6,1.13,2,5,951.5456298908125,0.6856975792644828
node_288,node_1288,14.585688826922937,121.09343017068791,14.582536900459148,121.10099311918103,14.584112863691043,121.09721164493448,tertiary,886.1213661287551,40.0,13.5,0.87,2,5,2636.9144274232854,0.7194049552151324
node_289,node_1289,14.395752356306671,121.11636413701392,14.40164149691659,121.1138534157429,14.398696926611631,121.1151087763784,secondary,708.4775250651935,40.0,13.4,0.11,1,4,3231.01747813743,0.21670368289608194
node_290,node_1290,14.725056349204852,121.08485786711913,14.727510524104616,121.07687999043783,14.726283436654734,121.08086892877847,residential,900.3133310009553,25.0,13.8,0.05,1,7,1356.187277638393,0.14170707888610118
node_291,node_1291,14.373382839909297,121.10021789802667,14.378399611604195,121.10643715607146,14.375891225756746,121.10332752704906,residential,871.7485529387259,25.0,25.5,0.08,1,7,549.0784508518932,0.1443149023503712
node_292,node_1292,14.766178841058128,120.91224092745583,14.772051548735375,120.91187619848307,14.769115194896752,120.91205856296945,primary,654.1917777481517,50.0,13.0,0.2,1,3,4653.861355769789,0.3014105604487291
node_293,node_1293,14.394600913710944,120.95863378761032,14.388840005932554,120.9599216412175,14.391720459821748,120.95927771441391,unclassified,655.4293808265471,30.0,6.9,0.27,1,6,2908.6027965164,0.3567553892636613
node_294,node_1294,14.72960872821899,121.05547444334381,14.738084394540854,121.06511732927017,14.733846561379922,121.06029588630699,unclassified,1401.2659496125198,30.0,20.0,0.05,1,6,2292.0556970869684,0.1604244472750727
node_295,node_1295,14.756193914767428,121.11453132615621,14.754953706825836,121.11667555476609,14.755573810796632,121.11560344046114,tertiary,268.65895296944757,40.0,19.3,0.0,0,5,4150.571392889586,0.08301142785779171
node_296,node_1296,14.790806806263967,120.90112503123493,14.793587079249251,120.9,14.79219694275661,120.90056251561747,primary,331.97055769118094,50.0,19.5,0.18,1,3,5669.3542994100335,0.2958333333333333
node_297,node_1297,14.710911646123117,121.02865733552909,14.700957821574852,121.02605702288604,14.705934733848984,121.02735717920757,residential,1141.6015643580517,25.0,34.0,1.93,3,7,3668.5658961331114,0.8233713179226623
node_298,node_1298,14.700764893347099,121.0693218498411,14.710632263315322,121.06767423569418,14.70569857833121,121.06849804276764,service,1111.4192202065342,20.0,37.5,0.06,1,8,1301.0978621245781,0.1468552905758249
node_299,node_1299,14.639117474197997,120.90740182228215,14.63473540191728,120.9,14.636926438057639,120.90370091114107,unclassified,933.5817521230125,30.0,35.2,1.31,2,6,2215.2669002632883,0.7109720046719324
node_300,node_1300,14.700548359560159,121.00033888938836,14.691789621690962,121.00623390055671,14.69616899062556,121.00328639497253,residential,1162.1335582011275,25.0,27.3,0.65,2,7,1717.916243285807,0.6072749915323827
node_301,node_1301,14.410548493785916,121.12390872034592,14.409713734616647,121.13066305750966,14.410131114201281,121.12728588892779,service,733.3176436973257,20.0,13.4,0.19,1,8,4578.064939593562,0.2936446321252046
node_302,node_1302,14.591230616176437,121.06790320221397,14.583811217320077,121.06359114490543,14.587520916748257,121.0657471735597,secondary,946.5416083847995,40.0,11.6,0.59,2,4,788.0270542927017,0.5511772077525207
node_303,node_1303,14.581400291585688,120.95941459084015,14.574446825788838,120.95549052320835,14.577923558687264,120.95745255702425,tertiary,880.9943473420853,40.0,39.9,0.89,2,5,1849.1433814511915,0.7036495342956904
node_304,node_1304,14.735907464855151,121.11319528240799,14.738553121115755,121.12068196753468,14.737230292985453,121.11693862497134,tertiary,857.1591964232819,40.0,19.3,0.61,2,5,3505.9134939432734,0.6180349365455321
node_305,node_1305,14.558259714517082,120.98700785585238,14.556118262348486,120.97748726296294,14.557188988432785,120.98224755940765,service,1051.9605691873194,20.0,11.7,0.78,2,8,2052.483048751788,0.6952163276417025
node_306,node_1306,14.52329027324516,121.11333616778602,14.531727322248258,121.11374531666137,14.527508797746709,121.11354074222369,trunk,939.1901947699382,60.0,43.2,0.18,1,2,3053.538602788559,0.25690410538910446
node_307,node_1307,14.6378034720567,120.97473591277974,14.63418660194886,120.97400942707337,14.635995037002779,120.97437266992655,secondary,409.7021432274954,40.0,20.8,0.14,1,4,3117.6646725919863,0.23318662678517307
node_308,node_1308,14.46990849287538,121.0475800627208,14.474432095443058,121.05138259811237,14.47217029415922,121.04948133041658,residential,648.5553446454093,25.0,8.6,0.76,2,7,5895.113257022128,0.7626666666666666
node_309,node_1309,14.41289578492928,120.99923501693696,14.412117773532378,120.99250285093996,14.412506779230828,120.99586893393845,secondary,730.1670111407959,40.0,24.8,0.25,1,4,1711.5793239732923,0.27381491981279915
node_310,node_1310,14.565044773310685,120.96870626268877,14.56824379933327,120.97207287750467,14.566644286321978,120.97038957009673,residential,507.7472771944968,25.0,39.9,0.78,2,7,3465.1339040503813,0.7234693447476743
node_311,node_1311,14.537600215867698,121.12163939054297,14.539594123002018,121.11917407070047,14.538597169434858,121.12040673062171,secondary,345.78693678434206,40.0,43.2,0.18,1,4,4312.819660643961,0.2820897265462125
node_312,node_1312,14.454656473237993,120.94689842048489,14.454112152693172,120.94927271604828,14.454384312965583,120.94808556826658,service,262.71987330320144,20.0,7.4,0.01,0,8,5507.385911140474,0.14525
node_313,node_1313,14.515380314551807,120.92120289780895,14.524381536444295,120.91200479800641,14.51988092549805,120.91660384790768,residential,1407.8739664719571,25.0,37.7,0.62,2,7,4781.813772884971,0.6498029421243661
node_314,node_1314,14.514876602421811,120.98548173463642,14.51173087527691,120.98471627858011,14.51330373884936,120.98509900660827,secondary,359.3630914045815,40.0,4.2,0.97,2,4,2851.06420280856,0.8106879507228378
node_315,node_1315,14.497373003985645,121.0794097869104,14.49091771401063,121.07985480479005,14.494145358998137,121.07963229585022,residential,719.3925411591044,25.0,37.7,1.38,2,7,2602.78745955419,0.7187224158577504
node_316,node_1316,14.520758835877118,121.10185790149407,14.524320717094714,121.09614442955117,14.522539776485916,121.09900116552262,secondary,731.5078657417662,40.0,27.3,1.13,2,4,1406.680955096587,0.6948002857685984
node_317,node_1317,14.658584505455176,121.1496858425167,14.665504656681334,121.14247831560029,14.662044581068255,121.14608207905849,tertiary,1092.3660205444617,40.0,8.8,0.32,1,5,4346.511123358676,0.3882635558005068
node_318,node_1318,14.483594413557078,120.9740905142528,14.474399488355877,120.96786000031304,14.478996950956478,120.97097525728292,unclassified,1222.8371543705719,30.0,43.8,0.52,2,6,6837.9518679178045,0.5916666666666667
node_319,node_1319,14.776986067021904,121.00198548778283,14.775978720790357,120.9988683093441,14.77648239390613,121.00042689856346,residential,353.37374202011415,25.0,4.4,0.65,2,7,5208.76537776433,0.7569166666666666
node_320,node_1320,14.762356608792182,120.93420531950741,14.770206362585927,120.92614152249351,14.766281485689055,120.93017342100046,motorway,1230.2968905675648,80.0,34.5,0.18,1,1,3100.2042732598306,0.25783741879852995
node_321,node_1321,14.566409692735036,121.04371798240577,14.571402065113492,121.05266437832036,14.568905878924264,121.04819118036306,primary,1111.3788045012984,50.0,23.3,0.28,1,3,2224.699470737017,0.30282732274807367
node_322,node_1322,14.49776254225211,121.14939500931574,14.507598696582063,121.14749489054566,14.502680619417086,121.1484449499307,unclassified,1112.6938103052769,30.0,25.1,1.02,2,6,6711.960568609579,0.7666666666666666
node_323,node_1323,14.590945655423502,121.07522025253017,14.591573931655446,121.0813996445803,14.591259793539475,121.07830994855524,tertiary,668.6156588444219,40.0,11.6,2.59,3,5,668.7473978355853,0.7633749479567117
node_324,node_1324,14.73185221994813,121.04880321010334,14.735052134324153,121.05829155256552,14.733452177136142,121.05354738133443,tertiary,1080.6238628590118,40.0,20.0,0.06,1,5,3006.813679314956,0.18096960691963243
node_325,node_1325,14.643664303252047,120.99809227323045,14.639713908874805,120.98970697883051,14.641689106063426,120.99389962603048,trunk,1003.3834930497412,60.0,33.0,0.17,1,2,2707.6717336342663,0.24373676800601865
node_326,node_1326,14.711976322576186,121.1288246900714,14.720927034569506,121.1318580794301,14.716451678572845,121.13034138475075,secondary,1047.3764607943942,40.0,39.1,0.36,1,4,1444.7140932043767,0.33722761519742084
node_327,node_1327,14.589725024229583,121.02422914903259,14.587051734000713,121.03165733076742,14.588388379115148,121.0279432399,residential,852.828644161809,25.0,7.7,0.19,1,7,1021.6223832584178,0.2570157809985017
node_328,node_1328,14.63481293317043,120.93359172832827,14.639583147424162,120.9362764170076,14.637198040297296,120.93493407266794,motorway,603.9660851413282,80.0,29.2,0.14,1,1,678.9981278277858,0.18441329588988906
node_329,node_1329,14.479670026382108,120.99134461579979,14.47773283046449,120.98992513822694,14.4787014284233,120.99063487701336,secondary,264.11292910336147,40.0,3.6,0.07,1,4,6724.739565194841,0.32308333333333333
node_330,node_1330,14.680701923039631,120.91679166721195,14.68193830164089,120.91541319436472,14.681320112340261,120.91610243078833,residential,202.20253760555164,25.0,27.6,0.53,2,7,4936.853378070394,0.5966537342280746
node_331,node_1331,14.441082066906572,120.9504947594222,14.445477717607003,120.94121273714235,14.443279892256788,120.94585374828227,trunk,1112.6041782897998,60.0,7.4,0.01,0,2,4252.420321982315,0.1302984064396463
node_332,node_1332,14.662659157968324,120.90441719524998,14.662837841003352,120.90510921027577,14.662748499485838,120.90476320276287,unclassified,77.04839344586382,30.0,11.5,0.0,0,6,4408.495527702753,0.08816991055405507
node_333,node_1333,14.737323580746652,121.01331997912504,14.745465307284842,121.02319083906077,14.741394444015747,121.01825540909292,secondary,1395.0994153525082,40.0,33.5,1.77,3,4,4557.029450737573,0.8411405890147514
node_334,node_1334,14.409446276785694,121.05863506623795,14.40783229654425,121.0678092167574,14.408639286664972,121.06322214149768,residential,1004.1987168290827,25.0,15.2,0.53,2,7,1612.1705847565274,0.5301600783617972
node_335,node_1335,14.626470883243865,120.98582311559473,14.62941231920673,120.97663110017157,14.627941601225299,120.98122710788314,unclassified,1041.6565197452614,30.0,20.8,0.05,1,6,4138.015652882713,0.1973436463909876
node_336,node_1336,14.39279308670347,121.00509544287632,14.38964033536947,121.00921138294892,14.39121671103647,121.00715341291263,residential,565.1756294209641,25.0,42.3,0.25,1,7,1430.505115268669,0.2681934356387067
node_337,node_1337,14.676572032722142,121.13980231821115,14.674735166086762,121.13583761554509,14.675653599404452,121.13781996687811,primary,472.8600856424056,50.0,8.8,0.32,1,3,2796.116933440724,0.3572556720021478
node_338,node_1338,14.388021948470584,121.08799078039374,14.386822950635255,121.09605056346186,14.387422449552918,121.0920206719278,tertiary,878.2780435578468,40.0,2.4,0.28,1,5,2264.2086036035603,0.41761750540540454
node_339,node_1339,14.771172920215282,121.03521415923625,14.763689060581527,121.02611645415043,14.767430990398404,121.03066530669334,residential,1284.2834540415497,25.0,31.2,0.57,2,7,6231.265750194493,0.6229166666666666
node_340,node_1340,14.411833568517011,120.97113521877796,14.403668042098191,120.97985270081818,14.4077508053076,120.97549395979807,primary,1306.0806476683792,50.0,6.9,0.27,1,3,3641.480486033793,0.3714129430540092
node_341,node_1341,14.781496110659086,121.12424919969325,14.784845909122021,121.130998714569,14.783171009890554,121.12762395713114,primary,815.6817920255326,50.0,13.6,2.59,3,3,6514.841414326192,0.85
node_342,node_1342,14.710397879238293,120.95877427922017,14.713508234005154,120.95112436686522,14.711953056621724,120.95494932304268,motorway,892.4812079733231,80.0,32.4,0.13,1,1,4148.497047752213,0.2475532742883776
node_343,node_1343,14.61715690200986,120.98133568262918,14.620415096294062,120.97253216937553,14.61878599915196,120.97693392600235,service,1014.1372609070445,20.0,20.8,0.05,1,8,4659.213349636777,0.2077676003260689
node_344,node_1344,14.702180847083296,121.12726620360574,14.69257617599015,121.13396035689229,14.697378511536723,121.13061328024901,unclassified,1288.023388827402,30.0,8.8,0.32,1,6,1085.1532669254516,0.3230363986718423
node_345,node_1345,14.707801677542388,121.03238551382127,14.704332614395824,121.02550066724076,14.706067145969106,121.02894309053102,tertiary,834.9305824928618,40.0,34.0,1.93,3,5,3837.7703697925067,0.8267554073958502
node_346,node_1346,14.7757121782678,121.0855794873545,14.769668375212984,121.08627745041402,14.772690276740391,121.08592846888425,unclassified,676.2172477318998,30.0,38.4,0.52,2,6,3744.893744098795,0.5665645415486426
node_347,node_1347,14.464022509227634,121.04768619854094,14.469585537678514,121.05600109569852,14.466804023453074,121.05184364711974,tertiary,1088.1772028481603,40.0,8.6,1.44,2,5,5287.5187625590015,0.7876666666666666
node_348,node_1348,14.61553415291124,121.06335980225238,14.622746760939162,121.06470876452336,14.619140456925201,121.06403428338787,tertiary,815.0329869676805,40.0,22.4,0.82,2,5,2099.3852375912506,0.7086543714184916
node_349,node_1349,14.39277213890398,120.9748458228787,14.387705746448503,120.97279048890816,14.390238942676241,120.97381815589344,secondary,605.2908057600816,40.0,44.3,0.27,1,4,1843.4897394398704,0.28895312812213075
